lat,long,aqi
38.376121344613075,-121.80783215361473,32
38.1871710114687,-120.3937439607828,19
37.344487756630116,-122.8134537954703,13
39.136701261477825,-121.75501596886588,11
39.77963266072544,-120.82015759261485,10
38.67581653556327,-123.78675145794502,17
41.201997384308925,-120.83741227036002,90
41.95268739491991,-123.79747952227507,27
37.3302079152554,-120.64611532800684,63
37.32244634329539,-120.01998503569708,37
36.77002794050596,-121.05050860411697,27
41.01276648324436,-123.72292930253589,8
39.61591770083439,-122.11984753017916,7
38.428474024913555,-121.64624994237799,11
37.77431531380444,-123.16113734434413,3
41.16742621665489,-122.63703947588725,36
39.117720499235055,-122.84933494366071,13
41.15739039447431,-121.90778568139062,72
38.0335551810484,-120.04039709645565,66
40.31262805380349,-121.75814851357298,11
40.390016242543695,-123.25130047775798,72
40.88600505660351,-123.69176357696857,55
39.50429147636019,-122.75321411158876,10
40.542206209876326,-123.9322571088404,7
41.339611271190556,-123.149621720268,13
41.35965615218131,-120.68590719373923,90
36.174355532410786,-122.76901275845684,17
36.75563094523507,-120.70417391585711,23
38.765308285720586,-123.7711815840308,17
41.889588628706676,-123.73131978375052,27
41.86799047316838,-121.71289906965755,7
39.82502227210447,-122.18576901863625,19
41.43748281799576,-122.11991969902965,72
37.193790613896915,-122.10958029819298,16
38.874328393036,-122.98269546168063,9
38.67933925491683,-122.83208640902481,13
37.639962083317315,-123.52821236730418,4
37.03517860276761,-120.19414426923373,22
37.18672312268453,-122.36035137990082,11
36.442415801142445,-121.33978719564736,10
38.19227743990773,-120.6754409786965,60
39.48386063543111,-123.9061448300086,52
37.357417526346374,-121.63428308458994,34
41.36875449194719,-120.67084777208775,90
39.97523701216016,-122.95041163608613,0
40.279108557046214,-122.98940368712846,24
37.38481971604903,-120.21526609382968,37
36.62953059962675,-123.1192124661976,52
37.168462533632,-120.05095338824111,47
41.94980901241146,-120.82784643613815,79
39.981681744319495,-120.22211492987093,14
37.49718404412124,-120.43842841666732,7
40.199928235065485,-122.60747220196764,7
40.773739492205635,-121.18703125833767,32
36.35954242337449,-121.32321242336789,10
41.30252715654587,-123.0918349861965,13
39.87478487384651,-123.15377792513641,0
40.01929431318732,-123.98199436744771,7
36.05171868765259,-122.36273014062405,0
40.945954663720144,-120.33391610909082,23
38.0890280061341,-120.80658615297665,16
38.76346554698344,-121.88148067439892,15
40.48325620041366,-123.14754197616674,72
39.56404455733915,-120.32008750105373,7
37.02676000230894,-122.80874770939734,11
37.895276734799154,-121.2964039508228,71
38.77285324140308,-121.41547996423397,92
37.95695906717691,-122.32631902297354,34
41.62495431579299,-122.68489209468896,95
39.99273701340703,-123.12699449208247,0
41.64047119296603,-122.12625064903008,21
39.77220323119455,-121.62330109669836,29
41.20827987522154,-122.36146688884867,44
38.18646749936277,-123.09947673488587,17
38.77560402370442,-122.88794616390783,13
36.888778637112544,-121.71973317549495,29
41.850484375544255,-120.24279087712597,79
37.284183789628926,-120.27359770896206,22
41.85602936314761,-120.70318274006591,65
38.64654424701443,-121.25877089388185,81
37.72831144448826,-121.63125651377264,13
36.9885442032841,-122.32064298089477,52
39.740877568433625,-122.01548924155043,7
38.67270172578398,-120.89604206795775,41
38.90161800779087,-120.73188494199132,17
41.10235564391049,-123.02293403811701,13
36.879053015791854,-122.79227292296349,52
39.57617698395017,-120.03293402731298,14
41.601941526041536,-123.1636369990377,0
41.32757792105169,-122.00360853108549,72
39.352768782093506,-123.19493270303064,8
37.891774762409966,-120.89295413422728,60
40.930279894716115,-122.0775185353224,13
38.600142866735304,-120.4544692527078,18
41.07820745630658,-122.80416149974506,58
40.61405248082307,-121.30179235370926,32
39.84558145570573,-123.85729504847336,2
40.88052285473107,-123.8930658661743,68
38.30159271222211,-121.66439836443746,33
36.99898178249493,-121.16290679791317,19
39.68071019327366,-121.42817755930413,12
39.48631696910921,-121.614145887093,8
38.90024835936557,-122.27873158485825,25
36.4553852586893,-120.92110978088292,24
38.313109549205635,-123.03620248588727,8
36.84659541383255,-121.37034075316102,19
36.787387387782246,-120.53919764690954,22
39.222740609049076,-122.23115616104892,9
40.96967809953232,-120.98966551345555,32
40.42740722226181,-122.14840130931518,17
39.03178709870414,-123.55514947380941,5
40.860208573475376,-122.01796108796988,13
38.89238678109262,-120.26923384072894,12
36.23810113679696,-122.40178978750765,0
40.292661416658426,-123.02936895186113,24
37.365556785116496,-122.21301653950589,12
41.64473182369267,-123.07292509738035,0
40.34585337232471,-121.73102582107632,11
38.036010421128886,-120.408803233428,38
36.341833232346104,-120.802289010822,7
41.32680616447744,-121.41907281665398,72
38.96261894614891,-122.00070008741157,13
36.19163601851317,-121.88613116998673,0
40.91660459586983,-122.75713676828538,3
39.3418674723029,-120.13389715045075,17
40.57397715437494,-120.14045220571845,6
37.5776719377624,-122.58386680732848,13
40.33813542194972,-120.74052186542964,74
37.93426986921416,-123.49356785477586,4
40.11318741757016,-121.77671628200727,7
36.58227509736781,-121.8337025419028,13
38.370941298043974,-123.18630649262059,2
38.09060371734017,-121.91595027653447,14
40.806345399189425,-122.96571285591928,88
40.06533527258752,-121.05894913239179,4
40.35490344831927,-123.2390570501428,72
41.67151216809682,-121.14894279735799,26
41.55271977481111,-123.56092888831223,12
37.91401632245403,-122.28993662720875,14
40.584593149093315,-122.085131274471,14
37.6968515148588,-121.83735554940506,20
36.11599926551001,-121.01636952604747,34
41.240840263195096,-121.64555088950915,72
38.507471890512804,-123.66726183289627,9
40.94109056359725,-123.50267055509646,34
40.870474049386935,-120.21378478796146,23
39.481563298288094,-121.48216337056891,6
40.97445240903707,-122.52910880829059,3
37.51659954598908,-121.11403572934306,16
40.81582010297181,-121.22437295591526,32
38.65703027176254,-122.07751490675695,22
36.88914914647781,-121.92074802710349,16
38.57515434299916,-123.22110047607778,6
37.543361111718546,-123.02960371768961,13
36.210072513803276,-120.90069399515787,34
39.353966787173796,-120.13356313645323,17
38.73597389700189,-123.20915847806002,18
36.973559758364786,-122.8805719726441,11
40.099543170301146,-120.7078136097835,4
40.17184057470189,-120.73126708358187,4
40.101400070680086,-121.44862428679099,7
37.257926287288655,-122.81396498580011,11
39.346965358362354,-122.38806582211936,10
41.17869272481605,-123.98634519459138,24
40.002026019582345,-123.65287245828463,2
37.00661953094253,-120.48759491910157,23
41.373085782486214,-120.83722923994127,65
37.62579235266078,-121.33206131113671,23
41.44875513388786,-123.93285677215174,11
41.18252229250835,-122.4506580901636,37
37.10568453002052,-121.06790096250096,27
39.44681315838006,-123.0031422965748,8
41.893695791491986,-123.6623584637255,27
36.57534044935331,-122.49666979932996,16
41.84786687212631,-120.3364206620615,79
38.804823415167384,-121.12221800749289,29
38.2292197947616,-123.31751429196738,8
40.524076670102644,-120.6291511688068,74
36.16137944341891,-120.9290888972672,34
39.00914606261453,-123.92843272818284,3
41.685807577422615,-122.92525958985375,62
39.10078668658913,-122.87577595935984,14
37.90174000147528,-122.34130409832781,14
41.60451064848946,-120.66596122809779,65
41.251846436075034,-121.0951216491486,65
40.09814044003169,-122.25277672510856,7
37.399109224689106,-121.17917805605201,16
38.15814127229953,-122.29527779557834,33
39.23582832216383,-120.59754190518856,17
36.24338798296763,-121.08629654410692,34
38.95793711726409,-121.1263920516533,52
38.63946270839183,-120.20961486641194,16
40.75105525409158,-121.72282845276762,13
36.88012304551118,-123.27243211055543,11
39.35742536952378,-121.0061952431551,6
39.696501911194986,-122.14669805987046,18
36.67724040520967,-122.27742633052347,18
41.190512678767014,-123.34342870077455,0
40.147126910951314,-121.01376328787279,4
40.041141432010164,-123.93175404154769,7
41.91367238471569,-122.06017065042359,7
41.06350525603178,-120.07082850946497,23
38.81432054548015,-121.21312956832998,38
41.05933492676948,-121.42104748762748,32
37.22202905318947,-122.24349800187021,12
39.79013497126574,-123.65175409486247,2
40.22980189236994,-122.33739375663428,19
38.82078131338114,-120.37614839248177,12
37.46703173078481,-121.9643482404538,18
39.46865791639206,-123.4243970537936,26
41.234082626451624,-121.42500737370086,72
38.590401075520944,-121.87068997510326,27
40.814909415310446,-120.60786629638793,74
41.71000274582464,-122.60753127375753,95
38.780159442239935,-121.08083542884347,29
38.56388675501522,-122.70049259427951,13
39.60846423297862,-123.85499839954274,22
37.478127198868364,-122.61827352779771,13
40.9585243876304,-120.21083680193843,23
37.93814567100743,-120.89561269037634,60
36.043003524428386,-122.28561829601091,0
37.698279782862556,-120.98628082039373,69
41.48624993289952,-123.07925920577847,62
39.09285290476755,-121.47166495923905,12
38.06474673914978,-120.49937909738918,33
41.90702333211329,-120.96760418709138,41
36.691379858803394,-123.17133979694957,52
36.70070527581379,-121.21880501359858,27
37.91361493989666,-120.67124667758115,18
39.35443330788049,-120.88343797325805,55
40.837928505090964,-123.53020411961907,34
41.21463952313078,-121.43677154710078,72
38.28608363307454,-123.79612696253058,9
41.56020017203899,-121.22867372835616,26
41.82664047162178,-120.31603552792687,79
40.12495482384597,-121.80636482095211,7
40.94703876659657,-120.13155208931599,23
41.565661138252,-122.6262626060953,7
40.54981343066004,-120.83092813342341,74
39.568395792627136,-122.12214108596314,7
37.766590448477515,-121.34608550727054,24
41.72706680618573,-123.78148126389569,27
37.84258555141935,-122.9052874573998,3
41.498521570991144,-121.89211749304395,72
37.94953685105763,-120.91959507431085,56
39.670618820172976,-121.24486356359694,4
41.7381373009643,-120.51558921350382,65
41.53097046783098,-122.24425676592134,24
40.040079969521685,-121.47942959849942,7
41.25157112585279,-121.3646568906249,72
38.5263690730656,-120.84050561240592,14
37.096899744441714,-122.64596741915842,11
38.866251999771904,-120.10450294590869,28
41.4912078458588,-121.71080605898587,21
39.96628756243891,-121.07006132793492,63
39.651767369711294,-121.22329511111421,4
38.08105423595555,-120.05561415807904,19
41.83663805584179,-121.04546517226706,41
41.10276262934208,-121.12101815610498,32
41.54129203091437,-120.13431716433246,65
41.85405019253239,-121.0393119119414,41
41.73778534781763,-120.61141022674566,65
38.12228288179681,-121.46488059299,29
40.225129081733435,-120.80742832176396,4
38.231445176098376,-123.49402161283494,8
38.21562421967606,-123.94793242697307,9
41.25415320078107,-120.63938690810812,65
39.667922478685476,-121.99347185488406,7
36.6389190399457,-121.81816691387095,18
37.81668582678108,-123.2898902525779,4
40.5836674390218,-122.34950328105658,30
39.10428658072495,-121.0617766769703,12
40.40917551838986,-121.66955710827693,11
40.59251629768115,-121.565337870704,32
41.17982301807621,-121.79734116531843,72
37.99732376997274,-122.88050212154668,4
39.05393198074967,-121.84968809643071,42
38.81579386437205,-121.44063311814215,106
40.10050427842449,-123.63678047010082,17
39.21718961735495,-121.11331218086211,52
41.54855075403697,-121.35625379432977,55
41.99464599677941,-121.37927909525483,41
36.41927627034039,-122.10690703047864,13
39.0325654293242,-122.29149735201345,3
39.36639481670798,-120.72141890091073,17
40.863927469252616,-123.64326838712867,34
36.95661494815638,-123.27584821397882,11
38.35935064755586,-120.18523221515618,12
40.05754908346702,-120.43044366165958,16
39.3777233673684,-120.2250495918961,17
37.590945618061404,-120.87820793499104,74
40.557611480873675,-120.53552207484472,74
36.847342075607195,-121.47307236742067,19
37.00163339341855,-120.9106413743616,32
36.85699978373536,-122.76329361061569,42
36.590442779086416,-122.60880739767542,42
40.21727235516125,-123.01744218573367,24
41.104685291885275,-123.52421401619677,7
41.39120188581704,-120.81248955281384,65
39.42528932002616,-121.62182014847343,24
37.68558167201227,-120.85544629078566,26
36.26072827785541,-120.0987349761955,31
41.18837125169835,-122.24975634874737,37
40.528387981098184,-121.8110623989497,11
41.51917056312232,-122.9451071360188,62
40.91134341930641,-122.44842502409983,31
38.50870294241913,-121.0212269523212,0
41.65629003160367,-123.36378664243993,100
36.301117103435104,-121.44969074701645,12
39.5323469880032,-120.09008938370748,14
40.628769107309594,-120.55727277140649,74
40.7792667599767,-123.59882712581808,34
39.73400793794329,-122.01000079000387,7
38.9433417623914,-120.39152974216877,12
41.55018372314976,-121.24799465030665,55
41.24644063882571,-122.76710145114987,58
40.76074852956529,-122.67713020859826,47
36.7614590301863,-120.62742656604782,22
41.28774997652452,-121.38310327726776,72
39.792816473460924,-123.88737454369809,2
40.41774104121419,-120.12445273687145,16
39.61015331959798,-122.15756418487577,7
36.893397778321,-120.47215814133607,33
40.316225299102996,-122.67100162085843,24
37.00342783338858,-120.47220797396618,23
40.77634132979023,-120.8129535566046,74
39.047014272075934,-121.3325265450966,19
41.82646877920132,-123.6818330681369,25
40.28133401136873,-120.21825880187156,16
39.61975128942875,-121.37447310312184,7
37.55277572302887,-123.02333858797209,14
40.38523646153806,-121.20135707820226,2
41.02366201021174,-120.11622395187987,23
41.32042620662027,-120.04307524745741,23
37.66264639717869,-120.11895528012495,18
36.53969323999731,-121.41410062653823,26
37.88340237980962,-122.3130759862553,22
36.27287589210231,-121.32471916521467,6
40.10806964865439,-122.31474671482073,7
39.34986638847631,-120.10496605778339,17
40.29567542862497,-122.54447375555229,17
37.07918669042175,-121.75554231008014,17
39.71680532490776,-120.1328379141504,58
41.324861599596154,-123.40182231359404,12
38.37979327144062,-120.89390526386343,31
37.742309904458786,-121.55679052579175,17
36.56394232003837,-120.0236672000848,22
40.054600276155874,-121.09633855240897,4
40.89928177658642,-120.44373449656659,23
40.28459130272298,-122.53672787795912,17
38.49413913218855,-121.88927209157764,44
38.51058995598343,-122.58763607138278,18
39.67089722128185,-122.25241143397595,21
40.48361700661266,-121.60036414460835,32
38.384088631827865,-120.79074239278066,36
38.68686360289235,-121.2165034614797,66
40.32353200369182,-122.62350845504555,17
40.53902976119689,-122.15178128470374,14
36.458404072247745,-121.86475616597646,28
37.26241988832206,-121.1211755978233,52
40.63145496761331,-123.65327669284683,6
38.411916773279316,-120.76473388048299,36
40.76234361978026,-121.32533016395041,32
40.48179043007759,-122.49477347299494,17
41.20533407422241,-122.3310972805529,37
38.72414687332626,-123.72978708800119,24
41.03087454647127,-123.1213712318324,4
40.66116850208849,-123.62072077121317,6
37.28348412915764,-121.14217543233194,52
41.22295679243847,-123.16432929928264,4
41.164376006532024,-120.31725871769575,23
38.960126704818016,-121.38007509069938,13
37.60842779963869,-120.99041882808115,27
36.47075919465531,-121.4000370688754,26
40.24741589152299,-121.38553256682523,89
40.712082333842304,-120.71337129834407,74
38.65692936560423,-120.99599341566199,64
38.05013139095539,-123.85182438277552,8
38.98193445930605,-122.6483122070265,31
41.448302921062634,-121.46075956326014,55
39.00729412199345,-120.37765622279679,12
41.58089744103605,-123.86191186414979,11
39.092405193172524,-121.68782473857301,12
37.97266562654997,-120.00934019433315,66
40.265755790103995,-121.29202250938204,89
40.864994503902274,-120.38987812422998,23
41.70444449797259,-123.38709635934822,88
38.17231317092598,-120.74089263768892,60
36.07984509113968,-120.14515589172643,80
38.889293305977944,-121.35774412562888,51
38.537503367654004,-122.36722809566773,13
41.60021081922035,-120.47727879867803,65
38.189972584271594,-121.89054922789059,48
37.29028958685853,-122.72354657287772,11
36.73176174195757,-121.1033397002926,27
39.20685234377242,-120.94736295366445,0
37.58709315286203,-122.33821929275722,30
39.18823123039614,-121.99216846035513,25
36.37037096736256,-122.4191252080947,13
37.172658413937135,-120.31282508193931,34
39.56657668803422,-123.1430351432728,56
41.55090128809719,-121.51533700844347,55
38.66029165254581,-121.44782979732882,59
37.68920701817047,-120.10968953226232,18
37.4686145071518,-120.71622738296598,25
36.889782653739154,-122.52783956892004,42
40.489894770373134,-121.7724023878376,11
38.161056497447355,-122.965686285043,4
41.16649049972544,-122.8492224065538,58
38.629190253489845,-122.17683945955278,13
39.87562664741871,-120.761109629326,7
37.27734472477988,-122.19018019760561,12
41.49425649898217,-121.1058772559036,65
38.721550165266,-121.76502950001422,23
38.10410462630207,-121.78100714438348,32
41.377608174674414,-121.21193163155922,65
37.902989928151854,-120.52813295325069,18
38.38839443701559,-122.06810198569063,30
39.30808971694887,-120.6881724011885,17
41.61029925091631,-123.44819763240481,88
37.09714073617134,-123.37078957626711,11
39.44682651333794,-121.23378233460608,11
39.75317570096417,-123.84552693752552,2
40.48829343344916,-120.19282973840683,16
40.11243122225199,-123.7023745723357,11
41.49149635564174,-123.53172876120455,12
37.18102366349582,-122.66305389287666,11
40.82309041458517,-122.22701482261105,24
38.94994470872398,-123.92423302647546,3
40.118168518364804,-121.73871069095378,7
39.412582400022075,-121.96671941040611,32
36.71013334496362,-122.8413766166344,42
40.37041189237938,-121.30812536684348,2
40.351912339025546,-122.83373793771248,24
38.74684919279972,-120.75959133595092,55
37.03027654373728,-121.38985165904049,16
38.652824505789134,-121.57924414711238,59
38.73111352633909,-123.61450367448971,24
38.799439444820884,-120.11274650221982,15
41.95042615034917,-123.85652785647478,25
36.02324810747495,-120.72976499874808,19
41.18577844646809,-122.69402653397918,58
40.073497572502994,-123.88008246755139,23
40.10618662369852,-120.32666162002913,16
36.7544249697487,-120.34333490407313,28
39.45220430665086,-122.1669810897576,7
40.99321064761218,-121.21258154594318,32
40.20019477073126,-123.05792931719826,24
41.857096175177176,-122.13833212455553,14
37.39587741319584,-121.8267984143741,34
36.72795378769421,-121.36181547257405,27
39.2285797244781,-123.15745989572913,42
36.744506767907325,-122.04074979683165,17
36.70352731524903,-120.26416566802968,26
38.34692690138444,-122.36002161323545,25
38.97454721320046,-121.25569310504369,51
37.56260142134397,-123.66243622501229,4
38.29497613673617,-123.03432277450905,8
37.842323222939555,-120.96785256062007,55
41.46251719889091,-121.92712713697618,72
41.59996461143281,-120.95489975893295,65
41.83869386065143,-123.60319337906978,88
41.968780008410725,-123.82286945138216,25
39.81836009661902,-123.1877098402246,0
38.439404465139894,-123.11193012669615,2
40.377544001583786,-121.80367713562174,11
38.58598047306716,-120.67679997270132,15
38.00405087753635,-122.35865001932119,34
39.21372238108552,-122.39922117043345,9
40.98478066351397,-122.67664604934775,0
36.65938284832277,-123.12561361262567,42
40.048043082473164,-121.91728411607573,14
36.87436861159181,-121.34011401319233,18
39.98622696697232,-120.20165978213359,37
39.95860467458774,-122.14667713922672,17
37.02362442668457,-122.79930152057429,11
41.93877289181805,-121.99872697397467,7
37.446000124210094,-120.95812585302961,26
40.28846715458862,-120.6005252490951,16
38.375097445134294,-120.92637274651202,31
38.816859967766035,-121.53812356889041,142
37.071471236119024,-123.1070834371617,11
38.68905187430237,-121.36603916160624,19
37.11992376133711,-122.90001792154494,11
37.41385041116734,-123.35183666842426,14
38.41416702931051,-122.05521910781894,30
38.624116570934916,-121.78934399429771,27
39.85179846595341,-120.63626124575383,9
36.94740711450334,-121.22216536280686,18
39.06635971406023,-121.68977785918617,12
36.189545963802885,-122.65000327157242,0
40.371284128975816,-123.78594038481027,11
36.712473695110205,-122.44514778809386,42
36.80421512314345,-122.65147137404642,42
36.42960160088079,-120.72042837486826,6
37.7864693515284,-120.99603181173394,55
41.799163945535,-121.22852837455254,55
41.41261010128183,-123.74126016051537,26
36.55780043803392,-122.25926919819032,16
40.236865066431065,-122.09211570549765,25
37.81289348473935,-121.23500102071597,60
39.0415163907276,-122.03515540561474,13
41.91848442220759,-120.89413816011766,41
37.433845320513335,-123.57600927424299,14
36.018951376959826,-122.64915066501686,0
41.25001724561496,-123.96299872553772,19
39.02042145625609,-123.95550760022661,3
36.17605005863235,-122.90047476978864,13
40.37510355186592,-121.73230370177771,11
41.43470207314635,-120.90453224718745,65
38.28577085600826,-122.80201790347806,63
40.65192809193085,-122.27188233121744,13
40.60052883104807,-123.94228774478464,6
40.31932461552065,-122.56723330804694,17
37.495544765583205,-122.21320626257004,21
39.26815895883813,-123.91258931321511,17
37.93114522685506,-121.05594281554825,56
40.974437840960505,-120.08549723839663,23
40.8412154984147,-120.52361688951217,74
41.69451116699471,-121.08419667371543,55
41.984996042852714,-120.44706268510875,79
37.52421797567984,-120.02309905709991,53
38.47759040986828,-121.5209058843933,26
40.47042001289133,-120.15662990309843,16
38.208564448219114,-120.61203943914973,17
38.54692718614185,-123.94482160937089,24
39.011170982378914,-122.66635930110695,31
36.58284598332397,-120.36648312557398,26
37.984555714615865,-123.32754913652033,4
37.46251045905007,-122.32863049188538,16
38.07789356697593,-122.86362637354415,4
37.614001007130454,-120.44257372930066,21
36.06873528636515,-121.86356331869541,0
38.624418779838734,-122.84408152288961,8
40.0100073329415,-122.10390901386943,14
39.05684112949529,-121.39498700483985,31
38.567342943876604,-123.7580086247786,24
39.94250945915804,-122.6495725355577,7
38.76272130773899,-120.04466431620808,15
37.633658777610464,-123.59750540500815,4
41.8352871280735,-122.81926944174013,75
41.05238921170185,-123.36667258178052,4
37.46629377387557,-122.78268721996237,14
37.0579126955706,-122.47958452180725,11
40.62007556763132,-122.27366435770338,13
41.90320293195181,-122.40213516557871,7
38.26711969653993,-121.18673049499255,26
38.24149764982421,-120.1157972347785,52
41.35993328965872,-120.1546073302866,23
39.87993167838405,-121.51793168682657,12
37.67217686582402,-121.55054151809463,28
36.889773944105116,-121.25849243543536,18
39.57698749927992,-123.02534305618151,8
41.79143695579208,-123.43613136423916,88
37.02455711999928,-120.7221773608471,23
39.59003735927792,-123.15692464058024,0
39.51619190325311,-122.02903418798698,7
39.860469761448954,-121.94995698042989,7
41.778785363941616,-121.7886463698905,14
37.4183900386175,-122.0997632837816,13
36.13321967591467,-122.07207869148378,0
36.94784155453539,-122.19920392223595,42
40.8744114607817,-121.71960484687604,13
40.03487685250123,-123.22287190509952,9
40.254185987434816,-120.58647465364842,16
39.122835015271654,-121.08129531989668,12
37.544775821476385,-121.15242977262038,16
40.4553865038141,-122.06749972867549,11
38.23538743973734,-122.01400900478521,15
36.54062531614783,-123.0527483287713,42
40.65215995145277,-122.57018877477023,47
38.547528085504524,-120.52755411425281,14
39.27452930245755,-122.63257137507628,10
39.96251141243423,-121.19717209995187,63
41.37895760508142,-121.30945285720685,65
39.99116666192501,-120.94885000931926,63
37.69409228830544,-122.81872139518681,3
37.46607688459037,-121.06833421242509,16
37.49143033585637,-121.10367076762078,16
40.61553711608302,-123.48554323820073,99
39.178413257098335,-122.04703185289449,25
39.41834464857215,-120.64450022892369,4
36.53790060816633,-121.74888448350924,28
36.78011142921117,-120.77131069511562,23
40.76521162184261,-122.24888574145014,13
38.05660116504742,-120.67276341949153,23
39.39367740511567,-120.69463394644583,17
41.35621397716972,-120.43903591005879,65
40.491251862504534,-120.85847495693882,74
40.75797805934348,-122.90737156488187,88
40.14804231605349,-121.6842140545149,7
41.49622651200754,-123.33724598738007,12
39.83618420065789,-121.91967220627774,7
38.61760369130323,-121.41323149817062,82
39.53724305023886,-121.38000278211123,6
41.90136407121915,-120.40449152202588,79
37.973922540246036,-122.1499074238941,34
41.37976648586644,-123.80743414318785,11
36.370728137685205,-121.6395350462558,13
39.71647005175684,-121.16993070449682,4
36.54531479017044,-120.19309187667498,17
38.69241003200831,-121.11063379212605,29
37.76993723576806,-120.14043072343267,12
39.3490515764773,-122.87849022078463,8
38.940992003755866,-120.50275758777573,12
37.10120654187202,-120.9735218509234,27
37.48174647951614,-122.59223800838232,14
38.54556297263485,-121.23160123221369,32
37.26923041682038,-121.43917931266903,15
41.74216264489693,-123.29497716326247,88
41.79624911052209,-120.6233146078626,65
40.145684250635796,-120.25212897171029,16
36.66748274778309,-120.0253333928691,21
41.681605929917154,-122.45199228852745,65
41.05202822261684,-122.57640614858893,58
39.91454776630567,-123.38143359172332,9
36.37164705703216,-121.91913611900095,0
36.27786158182667,-120.29185250623642,34
38.46284291801551,-121.75678304737198,50
36.119322630941745,-121.05525603886578,34
39.900070821537184,-123.07979991508977,0
37.9431144787751,-121.91634540137497,4
39.653295829979555,-120.56048316308191,11
39.105707824050214,-122.1897065514058,3
36.41184091277378,-122.70185649712289,13
37.93759655149834,-122.42936495924704,26
39.2419010636986,-122.2111933312271,9
39.39463010083973,-121.99313994619308,25
41.81360451264367,-123.61338773111832,88
41.95847983104872,-123.4850856503797,88
36.33613431454225,-120.639063575703,6
37.60387034854709,-123.69142570504692,4
40.09308578224469,-122.03847960927928,14
41.16154585811323,-120.13521835302467,23
41.94170714557828,-123.9435739274846,25
40.98814926177599,-120.85305386671017,32
40.2526623052757,-121.05458200056772,4
41.29654932166536,-122.33551890668183,31
41.56629670447369,-122.15536991651632,68
37.54878885377233,-123.2519856135977,3
36.44681960385608,-120.48805071214525,17
36.615928587089364,-121.20055742683348,24
38.56064390864091,-120.36442442712213,14
38.66876853289183,-120.46503731241164,18
37.841064920768325,-123.44892560501515,4
40.10768201079907,-122.77511129847743,24
41.88281578689875,-121.68542873784266,55
37.32915737933367,-122.73704436295398,14
38.042159269621294,-122.99553100578034,4
36.6287698694406,-123.00628958605247,42
41.2076410081021,-122.9939316234539,58
37.36712164886281,-122.3884924260122,16
40.050930549534755,-121.62050849105661,7
37.962872533263024,-121.6683605954228,34
37.312490710897315,-123.12362744721784,14
41.29568808985281,-123.47020450997589,26
39.84934066662356,-123.68993706043362,2
41.578923758990115,-121.07089947097832,65
38.28609756680205,-120.79775991146265,48
40.5735462577083,-123.0746834251879,7
36.96635440181575,-121.18319363657886,18
37.08170494485667,-123.32475656007146,11
38.05757592011772,-122.37051148408445,34
38.41828343692499,-121.09796741879555,0
39.06511124734401,-120.40517353698037,25
39.970096594407096,-120.92859320080912,63
37.57790814162011,-120.40511583747445,21
36.564979628617394,-122.10822361827101,16
40.38308148996147,-121.02853455191915,2
38.211566322846,-123.2834325583933,8
36.20760501327327,-121.79923650420345,0
39.2904880432833,-121.80693245857901,42
37.41391513669055,-122.8305300059293,14
38.852037726808824,-120.37065368578722,12
36.4851263696777,-120.85667384329268,6
40.22712176965149,-123.0195387718989,24
41.42568737698316,-120.31131449507438,65
39.251032639326596,-122.2968431029835,9
40.419901441431556,-122.82769085284926,24
39.72579537327499,-123.700089288086,2
37.092279536602774,-121.87024398772272,27
40.90972199387943,-123.92811328925356,80
39.21917529642263,-120.69431990837958,17
38.4345427502351,-120.24211200685927,12
41.95592256998979,-121.91693387470538,7
40.2760492883433,-122.94627827687542,24
38.71787656432936,-122.78837274911459,10
41.216153529786894,-123.63331649747836,46
40.80284570522826,-122.62760792533521,47
41.259162375078404,-122.08605393986298,72
36.668516017316975,-122.9603832899425,42
39.80486152833475,-121.30531954751551,12
37.46583799532534,-123.48270092570989,3
40.46016681797879,-121.89885594809128,11
36.15698809040493,-121.57752743360517,0
40.69269633684996,-121.24492463619386,32
37.73232859457064,-123.34330474203524,4
39.383429352285994,-120.81947053051054,22
39.52039731162936,-123.10269830560767,8
37.912551328343575,-123.74356103225367,8
37.198161083487086,-121.34894922708631,15
39.148291490063244,-120.2287397460664,25
41.44659108758282,-121.67403396176411,72
40.51747611857382,-123.19811621085728,99
36.89473513211721,-121.61904040146702,17
41.85572543833797,-121.82367529742089,7
40.263803438783725,-123.81692973468493,23
41.40973971277244,-120.1154969418633,23
39.23829329827327,-122.15376989560353,9
37.08893357903627,-122.84899587486126,11
36.30071379289584,-121.29128083310607,6
36.063913337090575,-121.03177713395988,11
40.63841355941305,-123.9275438921211,6
39.05067093489779,-121.25995289289104,19
39.87741649527721,-121.37966945352667,12
37.18066346401137,-121.48852335395834,15
40.91377341241804,-122.31036238857068,24
38.07839018944279,-122.32072599636714,34
41.68577936051109,-120.08488393014935,65
38.00299403095363,-122.50230681956005,19
40.94172598276323,-121.55357522801971,32
38.29637744049775,-122.23888502966521,21
39.85313203138331,-120.48127897490215,37
39.520823021217986,-123.35150529060732,12
39.20555733116367,-121.40910447994186,37
36.65686801436571,-120.92207339380201,24
38.367254409632764,-121.14679739467306,24
39.34821405064209,-121.473980422298,22
37.467446971338795,-120.38526111001117,10
37.53376511009056,-123.53045340399734,3
40.15983773684408,-123.93131954251086,23
39.47589519362743,-121.370934968985,6
39.77989625723269,-123.43683902325571,9
38.675940222826256,-121.66689310665197,23
40.17564801603721,-123.38221707967347,9
40.92445970133065,-120.75201695953508,74
36.981289230424615,-121.28599004963641,18
39.74038827741715,-122.08981521433019,21
36.26941961916086,-122.42228009598026,13
38.423895870776846,-123.00866972702724,16
41.4665650551211,-121.0440948074203,65
36.424153408906065,-122.67568521666945,13
40.40637563439816,-123.69630672203049,23
36.043303234187825,-122.50260105060477,0
38.03484219983877,-120.14378574984552,12
39.45887148844079,-122.38257372982282,12
41.732488251119605,-121.25863948489852,55
39.85055478170544,-120.20417125878065,58
37.94010865569134,-121.05431672210243,56
40.41463138485823,-120.69096017662193,74
40.75885014257243,-122.01563074750226,9
39.88645351243118,-123.03645930083147,0
40.943202682873846,-123.41584419396392,34
39.939103281555845,-123.77661774617209,2
37.519940529531965,-120.51596914099318,23
36.05488942273482,-122.84462529377912,0
41.40017220331938,-123.64487860295746,26
36.451403890647185,-122.94400467534041,42
40.0938541211642,-122.05460447795937,14
41.94770406356639,-121.7586828592463,7
38.99937355570109,-120.30391769325236,11
36.53007532517327,-122.54812118511552,16
40.69246956754321,-123.61428939824695,6
37.74248570014633,-121.36319171166039,28
37.212350313684084,-121.5846351306128,15
41.37059366968157,-120.57055169421344,65
37.73015741129629,-122.25903439024415,21
38.01721917991205,-123.66670804397549,8
36.411048088270434,-122.02963776617096,13
40.25986541466744,-120.13980727024416,16
36.46953443987743,-122.83387421479598,13
41.23784166272645,-120.84698951022153,65
40.99251826878059,-121.96460956798401,13
38.16714886214906,-120.51185448052443,53
40.893625133916615,-120.43080093233422,23
38.60105947545328,-121.96961515371865,21
40.12190612078003,-122.18999072784743,7
41.459491527430885,-120.71845357148528,65
39.14259088738165,-121.44735111365348,19
37.32473242793127,-121.19014002554863,52
37.95208992823372,-122.57619163018022,21
40.210969920362786,-120.25601430722416,16
41.621594036948096,-121.9202699697265,14
36.46982700357371,-122.56408357516158,13
39.75789399802188,-120.94208577380783,63
41.85159009622884,-121.67867985651922,55
41.3352512689831,-122.19109796933628,13
39.27591162126006,-123.65006924195345,6
39.162817271526535,-120.77625653014603,8
40.14793216492568,-120.48117707364683,16
41.82232692250372,-121.37733207810757,55
40.10104785596931,-122.50705265783499,7
40.401123039323615,-122.30665628609893,17
40.62589831198717,-123.14030129929363,7
38.88308563007953,-122.84266109780226,6
36.64817026232935,-122.96195443213321,42
40.64723547280126,-121.30190698018183,32
40.780125216337886,-121.5658534785308,32
41.760611311661435,-120.11510462228456,65
37.7515776481926,-122.16988418134828,19
41.01686007055782,-122.24984069968961,24
36.2851622732092,-120.11409969685384,31
38.004511802536015,-120.0746219137123,66
40.27345244149066,-120.86940327304129,4
40.64721503562671,-121.67233502148824,7
37.47672648046995,-121.0645117732774,16
41.43833234769232,-121.51623539027432,72
36.69755009068961,-121.92746757086682,17
38.504763672828105,-122.70176980845031,18
41.473538302170844,-122.86050998436458,62
36.33464630004699,-121.81754022342264,0
38.89343851294412,-120.77602691265301,20
36.21577717105758,-120.99728690115806,34
41.264680529918756,-122.22476852725725,31
38.594119603354024,-120.82447994725196,16
39.11606799411602,-120.67573550138911,12
39.04863748887241,-121.20075239670916,12
41.98039727151888,-120.79285338955128,79
39.39705699051615,-122.17618386622391,9
37.73493563884569,-122.49449542355852,14
38.17682951031157,-120.08722809606091,52
39.958328126304465,-122.79381799676509,7
39.12412159700513,-122.07404279488986,25
39.56318739719007,-120.8001692237737,34
37.01239038642399,-120.53087356237023,23
37.63838676401336,-122.29192240436748,30
41.07965377419325,-122.04469075109077,72
38.36510233485173,-121.69407556759002,13
36.214296864980504,-122.68296944726248,13
37.566392760423255,-122.10883538681544,47
36.53641702789665,-121.24807396949855,24
39.37511072951406,-121.07645757602381,6
39.78765083196215,-122.6592460391865,9
39.752217904451996,-123.9152409801103,2
38.1714320909389,-123.75538818912493,8
40.61854451803079,-121.34498478846452,32
39.903373562932266,-123.1608802876284,0
41.921418343575276,-120.38288407421302,79
40.618418169321956,-123.12156134248889,7
37.605613410007614,-120.38448465427156,21
39.48790688422426,-121.04096418404069,3
41.012675079009725,-121.829917846493,13
40.856244745985194,-122.14143117393853,13
36.165941609564996,-121.75581144822893,0
37.307634197141994,-120.08616687116513,52
36.83655592375342,-120.24303508762893,28
37.30065003829674,-122.27798358074833,15
41.59230062578566,-120.25838958985292,65
41.97833302925029,-120.22502968157383,79
40.71085954072346,-123.68341935036015,6
40.58136894097295,-121.67037069370959,7
39.71740785812911,-122.77855410352628,9
40.690862800831255,-123.86534933000834,6
40.529998439157545,-121.5338360121844,32
41.012466502104694,-120.32628906835676,23
37.54755458241474,-122.72090943515018,14
37.12477595721424,-121.80866079865923,27
37.516490129610396,-121.43165141505733,28
36.41142602360936,-120.95750921929552,24
41.77631636789155,-121.6182452511914,55
40.58776816465455,-120.99434623580085,74
39.37766473465882,-121.16949381162388,11
38.615863000923596,-122.90450510336065,8
41.980915103646055,-120.39949366387948,79
37.74593144773789,-123.69438181424039,4
40.434166794686114,-122.72708302712762,24
39.15667943986868,-121.56875041137097,19
36.92551355598877,-121.53855849333212,16
40.884061538058944,-120.00280194079316,23
41.20261007721945,-123.2484560999825,4
40.05306594498748,-123.93072267449332,7
39.72785095454462,-122.66056533695082,9
37.754398410041304,-123.1981332106464,3
41.113647893667114,-121.88908916221227,72
38.48453506898991,-120.0669708191098,15
39.707345312518385,-120.51472750159671,23
39.02892806452812,-122.42313103116928,3
37.238355332863016,-121.85784385283517,32
41.61748558668802,-121.79695484169314,14
41.89456678646536,-120.98313426667416,41
37.84424606322232,-121.98467780334052,9
37.97816374745753,-123.75206855235433,8
39.45072075629582,-122.30349985985525,7
38.06674286967866,-121.28146193395132,29
37.53569687145686,-120.34203773587683,10
36.79955087076387,-123.14925016268037,11
41.84801304114222,-121.80308807357397,7
39.8797404584458,-121.92696576988224,7
36.81877824031134,-122.28782443335722,42
40.789481092562504,-120.99807523222479,32
38.45113643636759,-121.10059776332314,0
39.37014269468203,-122.34847065370313,10
37.380222218645876,-122.3125061747088,12
41.91662390116048,-123.77139134729862,25
41.72773947363049,-120.94929713478749,65
36.49668799403653,-121.9349417947813,13
36.1052592197495,-122.27759912328088,0
41.28958093928097,-122.62287959443267,58
40.56675156389589,-123.36416764056862,99
41.09636575097752,-120.87753192937429,65
40.485650450342575,-121.81404738447296,11
38.63476467135294,-123.70646725856405,24
38.620502100200696,-122.37925823666191,31
39.58957635254676,-123.49809294580008,12
37.68370996469886,-122.16210328112629,45
40.91051906454092,-123.07397976366099,88
40.72422853043207,-122.97881347264638,88
36.525037924680774,-122.41395290839377,13
40.83509055840416,-123.05988728173688,88
41.031490205102315,-123.43562932579951,34
40.0552344681404,-121.80359610419887,7
38.25613345429763,-120.93446860013948,31
36.577041652725036,-120.5883068251512,6
37.67386565474612,-123.34257642560479,4
39.23105873388693,-123.84085392052134,21
41.4480144981656,-122.56779280435438,24
36.5360359534721,-122.95058890656082,42
36.77689539858774,-120.22683883787714,21
36.462649254523015,-121.27466763028072,12
41.852880778218356,-123.80173951352072,25
38.51334545321869,-123.11272761478057,9
38.53317103700498,-123.52633645110349,9
41.30974657127149,-122.17159703911749,13
41.50531352109949,-120.89210424911113,65
39.47538663137573,-123.81618081000805,41
36.427473615410804,-121.34184074690546,12
39.50791062737121,-123.07509269468449,8
40.68405305305383,-122.38110588668016,7
41.933797802841134,-120.97188611243735,41
39.62581786728414,-120.71108488779528,4
41.81808189517757,-122.0380413955013,14
39.19623918419137,-121.5955054779239,19
37.20423866698673,-120.11213607504288,22
36.9628919460535,-120.82340511808502,23
39.73765987358561,-123.69805827018769,2
37.128792848383725,-122.51665611233271,11
37.99440331142275,-121.02474887723704,56
40.221224768184655,-121.61425238116135,7
38.48648172547543,-120.42698290420753,14
36.648740549855674,-121.36047974138772,27
40.93367863223679,-121.90965029051287,13
36.426629915758596,-120.85092941999866,6
39.8679455323134,-122.0783979272135,17
41.880009173170336,-123.59505620549331,88
39.32865214872168,-123.86230386578414,20
36.655544303615834,-121.57096774922822,12
41.34931411173112,-121.08435802470147,65
36.72328278762908,-120.32853730527522,26
37.70979189600696,-123.08386418314224,3
39.131782449818715,-120.48725396935889,12
40.67193670519534,-121.88805267881833,7
41.59029502535619,-122.06772958096877,14
40.48637221377284,-121.02516142599796,2
40.62904795236394,-120.81432491972632,74
40.415569620268705,-120.12158393942616,16
38.01906956021004,-122.0182719708316,23
36.328336509650434,-120.61492591727016,6
37.43740055540375,-123.20390323050374,14
40.789448421078404,-121.78168370689937,13
41.73741956884252,-122.31609098044225,68
39.53017895207489,-123.00460057177908,8
36.265410462637966,-121.25081136729167,6
40.865745806061035,-122.75747628800474,0
40.183332355573654,-123.59699541162252,11
39.863972956085455,-121.34276605905207,12
41.27128040638922,-120.26620012750926,23
38.66361661086157,-122.13416645990158,13
41.734109421733656,-121.20975720779877,41
38.55367258470349,-122.15142804970385,30
39.94819088247497,-123.54745171673426,9
37.561758439014106,-121.48184683501364,28
37.29424595843716,-120.96813102178061,27
38.916021568985386,-122.9185085485918,16
38.85522775466255,-121.87114890118578,19
40.77114159770966,-123.77322181937521,6
39.71480867460718,-121.7519889067251,17
41.96379810845454,-123.64963119685132,99
40.20367328453735,-123.8721509476607,23
36.95052706829236,-121.21046600321428,18
37.23812190500233,-122.79062778270708,11
37.859766604573366,-121.60263681335762,9
39.39216360627897,-122.79420503927801,10
41.833449211255214,-123.87568359182924,25
39.58509347675443,-121.30160903909398,7
40.182291159421126,-122.85468975724146,24
41.82235031591445,-122.90263590582421,0
41.19976717623783,-121.37555971240772,33
37.46608312088134,-122.27167671056499,17
40.873609373872746,-121.34858518964015,33
41.19390368035871,-121.05575533520667,65
36.16455588798866,-120.17457781049598,31
38.88468982683629,-120.46402582668756,12
38.63000879518288,-122.6686162712841,14
39.30420290131,-122.8537501713235,13
41.60017807088163,-122.34294569128107,68
38.99487042009484,-121.94636764330107,13
41.88717659802814,-122.26674609963521,14
40.615017135544704,-120.43582567740086,74
38.949146120547724,-123.56226802226205,11
41.912385422159716,-121.29265153246335,41
40.92504446174297,-122.45504217991609,24
38.87789040039973,-120.5871600957214,38
40.23858689740351,-120.4279019024705,16
36.093032967114354,-122.87533342633533,0
39.72256703320004,-121.34510412525863,12
39.57310369655385,-123.09802279676339,0
38.15889792317839,-122.78990772053541,3
36.618089075037,-120.59277822522401,26
37.57962788502944,-121.74453076532106,20
39.0336152702368,-121.9853107234464,13
37.922674070113686,-120.83482299298127,24
40.304096604426626,-122.36633726729238,25
38.669770742773316,-121.60697848439484,59
37.30812055614006,-121.33574228429653,52
38.91422315088285,-122.9955014069964,11
38.533259351929864,-122.25708162252333,13
39.35427147736374,-121.29662864249522,0
37.04025001497502,-123.18661572350253,11
38.73807479886279,-123.68853551078449,24
38.16621371988965,-122.61055705682278,18
38.29126121195693,-123.50745034773769,2
36.900128856685114,-122.15091436630087,29
41.30051825190731,-120.29103106813814,65
38.393916488951916,-123.24522905940401,2
41.71266429054607,-121.00520450193062,65
36.09947732115535,-122.65283907685074,0
41.66736148042166,-121.34729226056989,41
38.316392300360754,-123.24800099637984,8
40.52583780520862,-121.76561562465406,11
37.829514363202975,-120.77063177267458,24
41.45542430964307,-120.14406647606503,65
39.48941495493455,-123.33487267846021,56
40.48178009312194,-120.42380850091786,6
38.753958849868496,-122.39829889283816,23
40.889487560502275,-120.18579029159628,23
38.58278330823088,-123.37924211191311,9
41.94983028385995,-123.70828286721938,99
40.58533386864831,-122.30726591705006,19
37.67212600877754,-122.64404488839199,22
36.1426198676559,-120.07606648410615,31
41.6724567795924,-121.92590349448041,14
38.57647835934016,-123.51158504848621,9
38.56165727005854,-120.01016161711283,15
38.75286435167199,-123.96374195120148,3
36.86314536179026,-121.71653993639443,29
41.21596397439208,-123.31090957744506,4
38.016732479296316,-121.97042862713917,52
36.74804919792254,-123.04765500242232,42
38.85927776384702,-122.96686632312964,11
38.33093748053372,-121.73608581355393,13
39.806503904273136,-122.71257336341053,9
38.84569545720577,-120.69165519917661,55
36.78599930144911,-122.20180074561023,29
41.05389196212599,-121.85154736546723,13
36.86184079976823,-120.5287766414729,33
37.92106269600929,-123.16467673934906,4
41.69139985717122,-122.09796718606394,14
40.035402596597955,-121.04729499489281,4
38.9262036974518,-121.76003136171218,39
41.772710801304235,-121.01508781270451,41
39.68604414111005,-120.12766459084752,58
37.61417214360878,-120.89015704952394,74
37.743845870144895,-120.8329810536972,58
39.09114349321382,-123.14844182894396,14
41.460754023398934,-123.3527631252694,12
39.576737084423236,-120.7530616166334,34
38.92591257632178,-122.59536133423822,11
36.379887174973895,-121.90831897440185,0
37.0112778058903,-122.04187034447428,19
36.071452456971834,-121.2497610236224,34
36.515009518311366,-122.4564124445928,13
39.80638093852282,-120.51575312158978,37
38.04741986867243,-121.91008286332051,14
41.387234693932946,-123.49828480541754,12
37.812816845725074,-123.26667013271188,4
40.2288128298308,-122.00377257026278,25
36.21769827104702,-122.29349383103877,0
41.68016842586758,-120.77745991491255,65
39.56013220917176,-122.78569035957672,9
37.16686672246539,-122.2127148618306,13
36.41501720920726,-121.08965610689978,24
39.57534204966593,-120.65041268198712,4
40.40707610921484,-120.32841387748833,16
37.0759769897095,-123.00952983402682,11
39.76654118634699,-123.84098705027958,2
40.440704102444464,-122.4798079090357,17
36.44539137579331,-121.79587169915536,13
37.72757977592159,-123.86323460820678,4
39.06333809061382,-122.40425200247954,3
37.95773737564709,-120.03614258196164,66
41.275194201035156,-121.281149068531,65
40.011591990063685,-123.47232987256884,9
39.302312094008514,-123.46524680061347,6
36.15604629973131,-121.26452707901826,34
37.66256851239925,-122.85110241644462,2
40.89017176232114,-121.54057270814783,33
36.44042953327239,-120.74196630849147,6
41.19356275178878,-122.80872946448574,58
37.33489924002528,-121.7217652188119,34
40.18731182146452,-122.27816066178808,25
41.87605917481446,-120.01068192787667,79
36.05156678875929,-120.27967818569003,34
40.949349831597345,-122.5890431214918,0
41.48009340716089,-122.50215420087136,24
37.71894930203875,-121.52185294052728,17
40.936249115427486,-120.05532990520994,23
39.11050411979924,-122.53747729564822,13
38.35398903862108,-120.18555379098387,12
40.160477140975104,-122.62085771110222,7
40.674215275653246,-120.22348162722055,6
40.37182896413201,-123.86396203731145,11
39.896498350960556,-123.19509885171333,0
38.91549004176411,-122.7088771527011,15
40.370976815694014,-122.56599774925677,17
37.44514494851967,-120.57299257856492,23
40.258380758372674,-120.380469666981,16
40.28779988097371,-123.27255938212626,99
41.117705710010334,-122.50825352233909,58
41.581001152555714,-123.61656128122327,12
40.28784245342662,-121.20458493376302,89
37.73901875574951,-122.96810990687601,2
40.12979289308807,-121.98205748179282,14
36.76933435858321,-120.23800284053986,21
41.25321066029639,-121.66216820239636,72
36.589537487016266,-123.13448044806469,42
39.73002353457486,-121.69738136401432,29
38.35428196290133,-123.6427643864898,9
37.77225064032196,-123.21795959017685,4
41.03495343626793,-122.72081740118757,0
37.27979360437802,-123.29957144025798,14
39.0405794863263,-122.6900161358915,15
41.557581693884885,-120.73660021559542,65
37.07866814872538,-122.5310317675777,11
41.39106548539314,-121.7859878602498,72
41.51762828609772,-122.46498925847702,7
36.729015458542364,-122.28447004047779,42
41.304149237972844,-121.77282843265459,72
38.601462592299185,-123.68520812993886,24
40.11195183205122,-120.95218756445334,4
38.12724259423372,-120.35113823582259,15
39.122406597296504,-120.11098906601862,11
40.26896854474316,-122.55510976325621,17
41.865847699100065,-121.0965702394083,41
38.65838414731974,-120.42898550924248,18
38.19530701553222,-120.14230939533097,19
36.415096022068646,-120.60643925739993,6
38.63559855112737,-122.84282937599939,8
40.50296393424492,-120.10653416173422,6
40.98680181312562,-120.47463961920957,23
41.10269537966425,-123.64839272046555,7
36.71764410923332,-121.78731066013377,28
40.94063456122858,-122.83680847318087,0
38.97119077547993,-121.74631955761782,39
39.320725077360215,-123.75757924230601,17
41.4808795178609,-122.87521851411952,62
38.094351528005,-121.92694146942657,14
40.73251443492283,-123.80028661201662,6
41.31802983993282,-120.29635104823964,65
38.835362241541475,-120.86401695014662,98
41.419768553037294,-121.35968890249072,41
39.13003984567711,-120.1583294916259,11
38.923339302397395,-121.74742054786903,39
39.50088648293451,-122.29233479876133,7
37.802140034764925,-120.01947232639924,22
41.54315601693497,-122.72598781750779,62
39.154047411296,-122.29380670572047,3
40.58792715607403,-122.37714346440403,30
39.83203431768528,-123.37933415320913,9
40.180342324317294,-123.90884445462443,23
41.55755751008006,-123.9194763083049,11
37.609993304884114,-123.56411733493219,4
38.378952966999265,-121.19813490556263,24
36.95899978929112,-121.87278277693186,29
41.96144488819483,-120.25644556156128,85
37.626235254159056,-122.80212317601278,19
38.73400883541069,-122.79287581019676,10
41.008692509814765,-122.31134827535102,24
36.86805916583535,-122.50314453054798,42
40.10966007763941,-120.79522267337452,4
40.28857062054042,-122.38623268018279,25
41.43485959812702,-120.30687638260562,65
40.929093914679385,-121.7669722680125,13
37.532897610149114,-121.66674662148195,20
41.39275657090546,-120.99157878157824,65
41.50913437698987,-120.89984961969526,65
41.56395229105666,-120.16251152343729,65
39.81490049384833,-121.96475150836292,7
37.26846601101635,-123.08131159763016,14
36.9304265927069,-122.3679012613702,42
40.55158861346092,-122.68002116066805,14
36.32277565067191,-121.54558720244007,26
40.65435324984576,-123.31681509582735,99
40.16490568594524,-122.39062980685597,25
36.33357245174251,-121.06315780777128,34
40.16275722754608,-122.85863832722151,24
39.873731265014726,-121.09236073485457,73
40.26465203990927,-123.27626660041653,99
38.3893798408852,-122.12297054352199,30
41.10753216317843,-122.17064985911622,31
40.772724637296236,-123.65382949908566,34
36.380742306852746,-121.22659771520264,6
36.40128156916507,-120.05666607826225,60
36.47837163081497,-122.59420514229753,13
36.006816898272895,-122.23378947997712,0
39.99915258071864,-120.04012197129461,8
37.738843345383756,-122.17305786784752,19
40.51034652131045,-123.23432479137782,99
40.87353271349808,-121.90824261680505,13
37.3390202763676,-122.67752670601153,14
40.86901169841487,-121.66046426916128,13
39.33489797283369,-123.02191004443321,8
37.228736444421294,-120.45708365457642,53
36.67538050738092,-120.36617076964218,7
38.60074740853753,-120.75397728155279,15
40.87801174587624,-120.57558753374776,74
40.967449574776886,-120.49641851680632,23
40.39213561886678,-122.70610965900894,24
41.15658877886122,-123.14794175508415,4
38.21877334222923,-123.40056116598561,8
36.622211719480816,-121.25381928306977,24
37.43277591540183,-121.95603370239162,32
39.25088745023685,-122.13466291682998,9
39.33435840019457,-122.32080696235013,9
41.908313291053474,-123.30601725860492,88
37.524706710354046,-122.11093092825247,47
38.13891492295069,-120.29979130162238,13
37.13652477061912,-122.41660358117721,11
37.56639367266311,-121.20843566187288,16
40.83768838213078,-123.69408739809744,34
36.02191951527365,-121.0162187545698,11
36.159336896669785,-121.69468129753416,0
41.36863141682895,-122.06417423724348,72
39.541848361914106,-123.31979651071686,12
41.763725797042525,-123.24882995603268,88
38.82476559705435,-120.24574358636748,12
37.35075094215288,-120.2094592322952,22
37.793616325188886,-122.08553860419552,19
36.21808640858869,-122.41311070173627,0
41.98606135200557,-121.96694455510192,7
41.66522352130867,-121.4468716903087,41
41.71627572969829,-122.61969828821921,77
37.59553696975914,-123.10202870842559,2
41.10236438120208,-123.59366845692325,7
39.9019820933285,-120.30839938629099,37
38.95966537993668,-120.84493038806417,20
38.14492188859019,-121.29148361490347,71
39.38455921475765,-122.93267824499922,8
40.80453302420578,-123.58620656338206,34
38.06608786472539,-122.4702871307339,39
39.127871219946165,-123.16669118715308,14
36.997143695098735,-120.9436278739982,38
39.884944345883476,-120.92768411587652,7
36.55905370796691,-122.6615488372517,42
36.43821383529029,-122.58870842536061,13
38.800305970396586,-120.20825439461822,12
39.339768969474065,-123.23813289190036,37
37.98769158367973,-122.98559906326062,4
40.339462225538874,-120.64232548219735,6
37.807016682159116,-122.6249026341961,11
37.852845929968794,-121.15054994939996,57
37.25293689561293,-120.2417683125948,22
40.40943455889916,-121.45551497764907,11
39.1096214264313,-122.45997536793212,13
36.76419444906272,-121.19636250123008,27
41.64881821918276,-121.44504383655568,41
40.79631806740455,-123.99150669982006,13
39.16581000831287,-122.11593866755655,17
39.81043772513172,-120.41162546373396,37
38.04434767242863,-122.57514190673199,12
41.99919370300876,-121.69308750687595,41
38.20520936051999,-122.58779337604113,35
40.62072838217216,-121.07159098577458,33
37.3673002338546,-121.24401182919527,16
41.66554134599323,-123.8500277577395,11
38.702034274284216,-122.68002039076639,27
39.81195271460081,-121.83453557310038,54
36.131233429311564,-122.02432033554544,0
36.33663091854332,-121.3573122036922,12
40.010883255746535,-123.33231102946566,9
38.96376228322113,-122.64116760033319,31
40.14929305593074,-121.0157719715126,4
41.835553011238815,-120.32264777880488,85
37.72898386910326,-120.74953094978207,58
40.27858052534507,-120.9691893798965,4
37.600802360146815,-120.0427304149816,18
40.3870345743631,-121.89668712221913,11
39.682576367715505,-122.60398943374241,9
38.3868635852119,-121.22381511244133,5
36.986383101256685,-123.31719274993443,11
39.304065090416955,-120.67532409905922,17
36.58666615696639,-122.04820798408534,16
36.1039643385136,-120.92997239763018,34
36.75487156997676,-120.54573716918222,22
41.44310755444848,-122.90682190339533,62
36.665832015025416,-121.05140333793166,24
39.71343043623981,-123.21165736145502,0
39.98881131191071,-122.34337695143368,7
40.4236683994812,-121.9373686603727,11
36.28223183672718,-120.31302193230023,34
38.48651390784594,-121.78505922737594,50
37.713306242381776,-123.1815234117133,2
40.13093003240337,-123.47673653048065,11
37.04115860363665,-120.18336629577763,22
41.88470446990999,-121.99995523602932,7
39.27325307578207,-120.07632802798396,52
37.85896633662648,-121.81765297550841,11
38.831942700653265,-121.20603438546416,38
38.76149607687658,-120.53285228013632,38
37.009834885733916,-122.05961005848913,19
39.94741255752295,-121.5490211553539,12
39.9031743097882,-120.31721925745038,37
39.50623058360709,-122.56250792042589,9
36.81632442909423,-122.26066608597182,42
36.93926070482646,-122.92304494672707,11
41.759597397967255,-123.89953894894698,25
40.439106215120916,-123.13764361195233,99
39.158664269911405,-121.76382425309266,42
39.17881733797671,-122.30011862066806,9
38.36921755159739,-120.55558738347777,48
39.96421307558573,-120.2914033377019,37
38.65540680321539,-120.65158277001412,9
37.270941331888984,-121.43613368570183,15
39.527047007710095,-122.67551965377281,9
41.387948751264446,-122.74073920868287,62
41.55766452126977,-123.19474890343271,0
39.40717231531237,-122.23275264653358,7
37.1685013223791,-122.6332436283848,11
36.33483122500371,-120.87539568557268,6
41.11417720500034,-120.21698450610437,23
40.05077541859315,-123.16706102890868,0
38.299896109991636,-123.09718955327469,8
40.561441727537,-123.12760348907412,99
38.79044107564272,-122.24440964141559,25
40.669300452437525,-120.09389773015255,6
38.05531317838297,-120.93011023516176,16
40.1070904605423,-121.77174714483112,7
36.941366479269604,-121.93391576986858,29
40.96367962217375,-120.01152605664436,23
38.32235090461896,-121.03574665918867,31
38.67805796793941,-120.59640494005875,18
36.61041744526351,-120.35640103183059,7
40.98368130628083,-121.0130628686424,33
40.1568840703747,-122.01238913895375,7
40.15760790705259,-121.86657462612148,14
39.890493277290965,-123.75523133745686,2
38.667115021674796,-121.01217389438155,64
41.01746023728792,-122.68898590353254,0
41.732095187108044,-123.17555526837162,0
39.29698979386749,-121.39187662490816,22
37.62493250609285,-120.19405248178789,18
39.63769202808017,-121.48625713587217,7
38.75826465269333,-120.31231811229773,12
37.80067016357675,-121.15455931014095,57
39.20758072558368,-121.19460533486496,28
39.02947671516217,-123.41872903455418,6
41.18183945926789,-120.66763835792807,65
39.87886939498455,-120.74284272147204,29
40.45811660182072,-121.87455731060504,11
37.479681545956694,-120.4833191075357,23
37.1664608524172,-123.11841249753951,11
37.52028319943045,-121.22792527664286,16
38.73849204632778,-120.92457228389232,49
39.14777758976081,-121.39704287229378,19
36.887787792857075,-123.28470714910196,11
40.18796881705385,-120.14128165625645,16
36.2711573228928,-121.70033769277615,0
36.466747885572715,-122.19560167579898,13
40.982238847690965,-123.75170464259388,7
39.28327827821449,-120.3240869985057,9
37.99212927119516,-121.93965849925543,52
41.16306807311999,-121.21350196030129,33
38.277221271401565,-121.53213467866546,30
37.048033282831,-121.84136532094868,21
40.695236852850016,-123.08211136935958,7
37.731240205357906,-123.39835374374812,4
38.18116789904871,-120.88015220243571,21
41.603804882294895,-120.5050851644782,65
36.40399025637763,-122.1495088900682,13
40.800137205893165,-121.33198430603468,33
36.03622733706329,-120.51649925909778,34
37.69888334177402,-121.42535404950085,28
36.741020533962036,-122.65275369876959,42
39.28410044035141,-122.89127640758262,13
37.55054144974929,-122.38292729575817,16
37.84519080242703,-122.89299894040447,2
38.71833338869165,-120.28702320855106,12
36.355924033469094,-122.93446945772953,13
36.16287147723298,-120.59847024208577,34
37.68099709291857,-122.98204973770257,2
38.70149970527164,-122.9798519895348,10
36.460078762438975,-122.84638998534166,13
41.52850819375306,-123.98395038776843,11
38.65793418014304,-123.09176976785511,9
41.89725861068011,-121.94968738665112,7
36.26996226294426,-122.18962963496558,0
41.6451962474498,-121.00594414531724,65
38.70258592283015,-121.99104490154384,21
41.38018506561864,-121.47663797418274,72
41.3514526570395,-120.12292790834368,23
40.42350956994473,-121.39662593674173,11
36.86731979104872,-121.48906695522172,16
40.77821977130861,-123.58978923549306,34
38.829549961466,-121.2433711237331,38
37.30607287643976,-120.82454971419547,26
41.53190571266054,-123.60613187568167,12
38.641778706289976,-123.22933589920686,18
41.69583008282995,-122.93761177550374,62
40.79091278812622,-121.33909256256037,33
37.72368428683753,-122.93690915755178,2
41.21535557830697,-121.92489123262993,72
39.75279609103112,-123.71849804317668,2
37.214370028407934,-123.36825369373885,14
41.71089163920832,-120.41791138860108,65
41.846417489458105,-120.38092513489441,85
38.88902431608821,-123.18784709881392,6
40.14726057678638,-121.98986042231887,14
41.01477079573141,-123.34622387375912,34
41.684720953350194,-123.18091855614563,0
36.12212943901778,-120.70259446068441,34
41.36816191054067,-120.55882890679692,65
41.371251986160416,-123.6838644279973,26
38.88210415717547,-123.25866251377714,6
41.39581771753752,-121.2264435469955,65
39.09418224256434,-122.116336254304,13
36.96522863681269,-120.1179240546387,21
37.68388044931728,-122.49784162709305,22
37.9833866132675,-123.29047831959828,4
37.07539807095254,-122.22076303645947,0
37.118285120416516,-122.89271669354139,11
39.8613387290505,-123.44159448236108,9
37.81575861580722,-122.42892253387572,34
38.44304691584576,-121.64151140159424,19
36.72002642675834,-120.27078935764462,7
40.61039603565782,-120.0062644605634,6
40.23973354853675,-120.48004083296749,16
39.026730881603086,-122.47259615588658,13
41.579664805493245,-120.00114421831316,65
38.22646697264429,-120.25858672070278,53
37.893880799921085,-120.5917594707874,23
40.427254871611325,-123.90950977827163,11
41.847490277868495,-122.23859797296956,14
36.72668973577549,-121.52761989100148,12
39.454342616299805,-122.8593997245287,8
39.08363959988856,-120.87592528188291,28
39.08531066615573,-121.55983817359656,12
41.880945912193475,-123.28885683830671,88
40.758229122764085,-123.08483434964816,7
37.931305543816435,-122.45394501876568,26
40.33797113925619,-123.86444138547776,22
39.55169878599555,-120.32420342842735,7
37.38132651050559,-121.58362276284046,34
41.3877080446414,-123.45855637181471,12
41.461806872202935,-122.15178312566155,24
38.293846647462146,-120.6377219407641,18
39.14776548550425,-120.86355005965768,28
41.20809142785565,-122.62172188413446,58
37.2698418666212,-121.5887854195153,15
38.396585271552084,-122.278313834052,25
39.632110814080534,-121.99932308276313,7
40.07959479315244,-120.37988406682636,16
40.04975270748718,-120.49035369354696,37
38.10478793431472,-121.62641227359154,5
38.10749663403161,-123.97312138213692,9
40.97946458758818,-120.43103820826984,23
37.15382341523642,-122.78680528967824,11
39.085949005787654,-122.07764394289904,13
41.62500103393124,-123.15611508255884,0
37.01961165679411,-122.4721235707872,42
40.71218196232675,-120.24449757930611,6
41.7408261998153,-123.65593336127657,88
39.85842345444243,-121.47438121492297,12
41.839990709884404,-121.59944611151175,41
38.23146889884706,-120.25825079265678,53
38.45218143906149,-122.83736614581305,46
36.945799340482274,-121.90209402184963,29
41.880863767461015,-120.02842878653087,85
41.400215249859784,-122.97287125638698,62
37.1756770068463,-121.62112304966303,15
41.30708541059866,-120.52253997605648,65
36.78145147034695,-122.24860895674671,42
38.58428549214477,-123.8152246470947,24
37.85933114555982,-122.48520458705677,17
38.69910915540774,-120.41667203131506,18
40.67252535449591,-120.02246669794712,6
36.860929393276166,-121.22046152254438,18
40.62734770072915,-121.70131109148882,7
40.4618771332953,-120.5174316100861,6
39.81324250781537,-123.44972228930578,9
38.67279424784472,-122.2148041177818,13
39.68010660514679,-120.09159814125826,8
41.44829876694762,-120.30602516246398,65
39.460912028307796,-123.7231616801992,41
38.795809721831645,-121.25656893054692,31
40.70060242365821,-122.75902732535415,137
36.36809023830863,-120.07268155089251,42
38.84717390119437,-120.73675129154212,98
41.39443838371846,-121.75310268447252,72
38.66993102736237,-123.14447782935626,9
41.95759911612147,-122.01971884473299,7
40.77336771219495,-121.54880360852397,33
36.86508955913946,-122.49109885136012,42
36.264333842902815,-120.58289811447271,6
38.94646525274388,-121.61073603051851,39
40.533018008758155,-123.76082458204077,6
38.59680172185917,-122.53290581764308,11
39.68440616589427,-121.4377925642916,12
40.070971432054485,-122.56381247324336,7
39.152467512977,-121.07884603483836,56
40.25572321473798,-120.69017513754096,16
41.74110281255978,-120.0058819320611,65
40.89317399370265,-121.48101992186638,33
41.70085644699118,-121.34080607674095,41
37.621818856265456,-121.68806871082778,20
36.24092094344357,-120.5470835256039,34
41.75310721153743,-123.14206275808387,0
38.318268431942066,-123.01668722086377,8
41.15432244880179,-123.09484267668208,4
39.71743376142463,-121.48620800794846,12
41.52791965352513,-120.93094333163971,65
37.431087091226395,-120.76158061128912,25
38.0326238422645,-122.44712504178523,39
41.83530740366716,-121.49216738855557,41
38.36610352167184,-121.27108013458779,5
40.23746484236375,-123.40776907420992,11
38.33786061270802,-122.69081221857309,58
40.56810984220019,-121.6406323040868,33
38.81803959922178,-123.72827355519722,3
40.13438643119311,-120.7778976126248,4
41.03726958999197,-121.35641455803245,33
36.64339863778973,-122.39211910463987,16
37.16593034749647,-122.03716854316471,16
40.510816217086415,-122.79736995277966,24
38.09290455390789,-120.70873379879247,52
38.2047650874053,-120.980691774575,25
38.6485832418691,-123.21138213995862,18
37.73465544832239,-120.15552155384626,12
36.358758447598056,-120.33326190437083,6
41.65883040213955,-121.19884190296507,41
36.33747080742169,-120.37392290447754,6
41.243861429237874,-123.45563100848506,26
41.00096280016423,-123.3799737896344,34
37.987759366286554,-120.83758620692979,16
39.43055313338164,-122.16633137025865,7
39.28955741386491,-120.17342708698754,11
36.22158351560895,-121.87490505896979,0
38.82885283009377,-120.87776282779622,98
39.3930243913045,-121.69171155674842,32
38.365030038929795,-123.0876462964561,8
36.630683925558394,-122.83856576747058,42
39.775713007334495,-123.64161789620326,2
38.84660146607175,-120.83206731846943,98
40.95631299475839,-123.27564442186785,34
40.518396569016105,-123.32890047033644,99
37.331530308973115,-120.78698393300476,24
40.33303960743879,-122.08859819415046,17
39.793399971779465,-120.44609741653775,37
37.096555089741685,-122.37606858278374,11
38.24487525670467,-123.77715727874823,9
39.01837245570358,-122.26754582816807,3
40.74859805279007,-120.61774535553197,74
39.73269317250099,-123.59152070273014,37
38.640731492380255,-123.44261105295175,9
36.59667073287118,-123.1169165220683,42
39.501638270012656,-120.73096693905853,34
38.49672769098093,-121.41729074917986,23
36.42583484077332,-122.8317233806225,13
37.829238954686915,-123.17502237416784,4
38.517556753143424,-121.61848335846643,26
38.23974510732397,-121.59744078372549,30
39.146218497604636,-122.45226137661783,13
38.81577441045731,-120.19078881629942,12
38.84183345793923,-123.21452933502964,6
36.45068567110423,-120.54275020173313,6
39.76035207508216,-123.12716116000715,0
39.388263028104674,-123.057178079892,8
38.82621323392532,-120.66676457318866,27
37.582446705532355,-120.16615650884842,18
40.37183786473888,-122.54748821695881,17
38.728100144526614,-123.14605722833667,11
39.25150095088979,-122.08621864501738,17
37.448001217986814,-120.89712676466762,26
39.2542549764969,-121.047122141003,28
37.79911648350444,-123.34472465698101,4
37.73713834165275,-123.3172146456983,4
39.52442048218973,-120.98451386656649,3
41.078886346253796,-120.54669435458887,65
36.70960763203219,-121.83149449028195,17
41.30520139132725,-120.15242355980781,23
36.00873697512382,-122.73564113161825,0
37.26363041336521,-123.077730595121,14
38.549189016904414,-120.71220343939085,57
36.46055398587917,-120.75726265752135,6
36.81873492693019,-120.83662004618138,23
37.42439661017595,-121.65587851159684,34
36.672768603062295,-120.44724492414537,7
38.80378010999798,-121.55672995986545,142
38.32922194973485,-121.05240159401235,24
36.39728774582984,-120.62452958869002,6
38.87599562292287,-122.6695999222421,6
36.79040825332799,-122.53457080852489,42
41.23695491530942,-122.77123516921208,58
39.93177495255202,-122.18082444033257,17
37.79409629464128,-122.47598278751347,34
36.79609991718611,-121.52126168399676,16
41.427681078657436,-123.25890514740856,12
38.63212723633536,-122.31034489073048,31
36.726374178040494,-120.10442464515867,21
39.89714090469866,-123.0212389371028,0
37.235664612440075,-120.86143265705232,27
36.39809206949856,-122.55678682641562,13
36.05741662661702,-121.41957937496144,34
36.37264113296806,-122.79695954291147,13
38.54905032916048,-123.95259979907553,24
40.92336381116055,-120.18312830707283,23
38.59012273454325,-120.30535819703921,15
41.000027628055314,-120.18613432577823,23
38.53069147353775,-120.66846390924589,57
38.7982816918287,-122.02487569897907,19
36.600996365034554,-123.12640824749032,42
39.17363346748406,-122.10639063474747,17
41.89364832207728,-123.19782837254918,0
38.28319182802433,-120.55861002909431,27
41.358275431092906,-122.9626039090299,62
38.64806849426987,-122.58343134716003,27
40.39958856242432,-121.49345789381357,89
37.44929623703696,-123.32335838091196,14
39.16169446360439,-120.92723781405554,0
39.38034006735938,-121.88513987123652,32
41.42443570974366,-122.47063512850531,24
40.77950488567616,-120.5750685792429,74
36.37606688349232,-121.4324131195997,12
40.26325865694975,-121.60843645127966,7
39.266075092479994,-121.56639101782326,18
37.01609016792017,-121.18829813034917,18
41.485594364226515,-122.95447543616852,62
38.56960702691776,-120.10743109039348,15
38.64467911024702,-120.56665644446447,18
40.65291268050067,-123.66623854069933,6
41.50167715073027,-121.38314340937393,41
37.291598702757994,-122.0036286177236,12
41.73507145510759,-120.82801232676617,65
40.047691031870144,-122.19152409914138,7
41.12132786800936,-123.5825417112878,7
36.50376314687272,-122.81651120513705,42
40.03940750092389,-122.73836211161392,7
37.71733889825988,-120.60396340333678,26
40.80108991878105,-120.3330900657128,23
36.687272558296094,-122.5398940180241,42
40.11041197662021,-120.61844216527436,16
36.16212681697693,-122.82946783738159,13
37.91838979049527,-120.52475393755344,18
40.122927188848976,-120.84149752378565,4
38.54967013088026,-122.25045081047372,13
36.61399108326266,-121.93524465423371,16
41.22797595699217,-120.45084041985363,65
39.6030952363251,-123.17258485589599,0
38.13766036220994,-120.13576964007498,19
36.53836334295248,-120.3066169295147,6
36.68373660288055,-121.90908298672025,17
38.22929606101784,-122.5183746719748,10
40.85035593340702,-120.0868199317736,23
38.58160311206693,-121.56904057649123,21
39.148947277929736,-122.58438903256771,13
38.46006439576151,-121.50262221169925,26
41.46244748791299,-123.76810791849105,11
40.782229367235246,-123.51863013468846,34
41.97152013795866,-121.0267276392452,41
37.20048690467343,-122.8011478356053,11
40.664271342484746,-121.46408025569066,33
38.15105657944537,-122.76633367503267,4
41.603261296275996,-120.09751276989591,65
36.30848217281494,-121.52992026933956,12
41.89116299909573,-123.33685226567513,88
39.0394120707243,-121.68596417507146,12
37.48325712747183,-120.19955487944588,10
41.04151608721406,-122.66614886377526,58
39.09086189544385,-120.56366202259794,12
39.951233133636656,-121.78421573494926,87
37.54233393361184,-122.73994721733318,14
41.05642351692416,-122.377531839609,24
38.385791673335206,-121.72976999189865,13
41.442071136939276,-120.83647613681075,65
37.91225083406796,-121.18129631335006,30
38.06016720820341,-123.41141508500164,8
41.59644072472554,-120.20468120127843,65
41.219372053438796,-121.38408056267959,33
41.03433912193789,-120.45373987578188,23
36.02468825345786,-122.41810128221586,0
40.35805798431971,-123.29691934623835,99
40.33188255136232,-123.44556542260725,99
41.156371846680685,-122.38980083992959,31
37.060588613607415,-121.05145271649354,27
41.60581998808931,-122.23001388721566,68
39.6258843243472,-120.92707247098983,34
40.46231799525626,-123.50381784316599,99
36.34735091621909,-122.133233266831,13
40.02822512243671,-123.6369303259394,11
41.490224994602876,-123.32016935126947,12
40.90202807599569,-122.43466955270564,24
37.2593083801338,-121.22534538331074,52
39.184410456704505,-121.49744802120006,12
41.4572376879224,-120.72584581908474,65
37.87434813022713,-123.50554229282952,4
36.0850170715308,-122.06602562908412,0
36.11581333078383,-120.35918141304874,34
38.742438365266985,-121.22712590368376,66
40.74730342098332,-122.47109691762722,31
38.28064631907405,-123.79632653583118,9
38.07201552780104,-120.18804134811809,12
41.661353524404205,-120.03278415277482,65
41.81537891909191,-120.44821969650731,65
41.629003801934076,-120.75203602159496,65
41.674217458338774,-123.7192927751849,25
41.192160793575006,-123.67142360900108,46
41.63178075321246,-122.20641754387668,68
39.446601663525605,-120.04128277690764,14
41.7496169981038,-121.26969824041298,41
39.7508183434762,-123.96129093183988,16
36.07519396737113,-120.21554392193907,80
40.75259261892637,-123.86658890977783,6
37.43297807789574,-123.40886423013733,14
38.90498928812905,-120.9982186669029,24
39.33676039036281,-121.68743317492604,88
36.34101934657966,-121.0897159964841,6
37.281542033958175,-122.344773988501,13
41.90638005124426,-122.28196638628658,7
38.23470281240228,-120.0082753559224,52
38.48854527384933,-121.13517124115545,0
37.58851794508717,-123.44792565725862,2
38.43142305239201,-123.2067059991117,2
36.72564847097485,-122.51203978430136,42
37.17716190688919,-121.8590573717583,32
40.91847426964715,-121.21767720029062,33
38.34883412362142,-122.09661944394655,43
41.91520468899515,-122.06597019642007,7
37.1862813520736,-122.19376581521831,13
38.60745186166276,-121.07877937775515,29
37.63948067696084,-121.7790628313268,20
37.23184360532768,-121.40097604601637,15
39.05491869055978,-121.29333265708972,19
36.947633396552625,-121.3454795831336,18
38.51663489876966,-120.16540095525342,15
41.090673774943795,-123.92649771349619,1
38.67973995945689,-120.28129156855492,15
36.16865764970522,-122.54024851265001,0
40.63156228470217,-120.11952447607352,6
40.741918072145616,-120.34128683274149,74
39.659966796836116,-122.12701623609203,21
40.03549712989495,-123.83970955427058,11
37.60495009727512,-123.76170855347999,4
39.22190205907027,-121.26855023142866,37
40.40978903542725,-120.82445231575613,74
37.38887829918982,-123.40004412228484,14
36.884746779268795,-120.84689233245147,23
37.373349004692365,-120.67282878202649,24
40.31539621956736,-120.26238361303436,16
38.740005071933155,-121.14690501983097,29
39.41501073472181,-123.07220702356051,8
40.6361629772249,-122.99362304933724,7
36.429412224195204,-121.25103262988513,12
40.95843639738177,-122.71116544799605,0
36.88100640785966,-120.24158813487898,28
38.54056297475451,-123.07825270869493,9
39.59066724822092,-123.27989790577715,12
41.82845847466127,-121.959895047001,14
38.850945096819,-123.01067936790892,11
36.550206095191534,-121.3231295211765,26
37.70416327926403,-121.13207595250255,23
39.86465576647963,-123.24828137203905,0
36.9537793477222,-120.67209998445892,23
37.337857140966236,-120.2536014268918,22
37.20413136964732,-122.3696530571963,11
39.023582165905005,-123.19753762023942,6
37.83204674176127,-121.64309858816047,9
41.9240527780492,-123.41959836437525,88
39.78458271363552,-121.61014706421048,29
39.71085760358804,-120.61767196279435,23
38.505081718456225,-120.74812413598536,6
38.151267761825245,-121.52335881384155,5
39.10153194616877,-123.92089769412782,8
41.865539426325164,-122.44468396994078,7
39.01883349031681,-122.19948476930429,3
40.87830678583569,-123.40325095598155,34
39.132924292093065,-123.0739949277299,14
39.36362086294051,-121.86187353933173,32
37.06558571058897,-122.90893910941298,11
38.1132877194229,-121.10573727083037,26
36.36167454527847,-121.24596208065114,6
36.26414045225629,-122.24799915314762,0
37.33194371328347,-123.52572709102367,14
38.900136875172706,-122.08557033495369,19
38.54757620890673,-121.3627167870816,22
40.67017282062568,-120.01909496457053,6
39.13059869665158,-120.6538328765148,12
37.9496460393962,-120.67365137810877,23
36.84863205131767,-123.29444158364245,11
36.015040699646995,-120.10648398062878,80
39.423440189210524,-123.67868243118039,41
36.42424134988695,-121.54816043673976,26
38.888716100004764,-122.28479385406901,25
41.715729493935044,-122.98735647043355,0
36.99938045117807,-121.3883221904422,18
40.53432807000419,-120.00235006809349,6
40.2669215707014,-120.01858073230993,16
40.156344785635845,-120.55195852035865,16
38.46927519869491,-120.66060253265171,16
41.369688743282,-120.3038338814295,65
38.55527247527382,-121.1074639532296,0
40.60890825108559,-122.80096662428471,137
38.513217059950115,-120.37863481787213,14
40.9538354528946,-120.67267420564708,65
41.61105072778093,-122.22375523499802,68
41.50242944068838,-120.52457857692377,65
37.815081957239826,-123.12385498259461,4
39.99653277524503,-121.66459266831693,87
38.1311611137232,-121.23695724277822,62
40.48677540866434,-122.50511560396377,17
36.84041638893483,-121.71339513635672,28
41.58549588836321,-120.76196498916333,65
38.86118267290088,-120.07572393670378,21
36.80187209625871,-121.9378650233712,16
40.23592576275722,-122.06538265909646,25
38.97833824956571,-121.91729453981029,19
38.99274761788921,-122.88500319663,16
37.690334995744145,-121.77771570897342,20
37.343977006469885,-123.06973326903017,14
40.57130422633348,-123.06759386684024,7
39.67828898646468,-122.65528029830102,9
37.31668911259096,-120.08905568832022,52
37.52356641738154,-121.84828820393786,17
41.91759201735607,-120.53287827129655,85
40.89205386546088,-123.17292084743578,88
40.33302063741289,-120.83487926675468,74
39.5172215383509,-121.6901952837458,8
37.227865143687666,-122.04352030079964,11
38.79374061288593,-122.0190218757906,19
39.73204007668552,-120.7101114045268,29
40.4815746745649,-120.10172217473131,16
37.279719418960454,-120.4706884705896,53
37.58062888288261,-122.24542035226635,41
37.94797895698924,-122.82288841460884,2
40.06351567542433,-122.03416430007057,14
37.713216962733554,-121.63041986159664,17
40.03116463916429,-123.27397782431802,9
37.16803470225605,-123.42888780918622,14
39.42690730413435,-121.5192953561165,24
36.72589560412254,-123.14971761553197,11
40.19528884652108,-120.99484337289356,4
37.337224003715384,-121.07983137836105,52
40.30042624435394,-123.03900251574015,24
37.80961486392074,-121.33018038041855,28
37.00658259680226,-120.15462179044358,21
40.29571093060014,-120.76264765510261,74
41.64391325193869,-120.99219871773545,65
41.69023682463296,-121.10804250642626,41
39.65364472941279,-120.01484476068018,8
40.072014394976556,-120.888283579979,4
37.6107464620186,-123.57865834029253,4
37.915849165623534,-120.77023968037702,24
41.01125258576542,-120.10326260152634,23
36.93687275906605,-121.20566223018201,18
40.92478515081642,-122.28720284362682,24
38.478063714918946,-121.65873818340485,26
40.476944189642,-123.5103806037734,99
39.98605352289094,-122.14676182322047,14
38.676168236927204,-121.82786456557187,27
36.53973382079198,-120.37100451677671,6
39.65945664403456,-122.9071096467982,9
39.53913118034213,-120.22588005557111,7
38.62753764908807,-121.51288163953788,21
36.286929610848176,-121.55418302838225,0
37.63049163991911,-120.21601207516497,18
38.60128522568228,-120.03501869097053,15
37.320004719094904,-120.75280580189778,24
40.25069471410217,-120.16373335302693,16
40.21907471773897,-122.65319843084205,24
37.50468971111046,-122.00712491346945,47
37.78170451490593,-123.78256954509365,4
38.542269619745326,-121.00840603195624,0
36.80392231230262,-123.03752483072695,11
40.72296926711041,-123.93539643672358,6
39.409165574336754,-123.26359070888722,56
40.046728822256775,-121.485548152879,7
37.35150944673161,-123.35294414366086,14
41.560118938678116,-122.95809866787708,62
37.17428643694677,-120.2276504962358,22
39.8912065323077,-123.90880861605625,16
38.25136176154036,-121.3075480864518,27
39.862886182197066,-120.98606135942326,73
38.927720651434484,-121.73694936576071,39
39.102027545010564,-122.92573750433687,14
40.749444265195294,-120.85468865212013,74
38.59255988408383,-120.67024944950914,15
41.07607886759406,-122.6701168465231,58
37.04782616140813,-123.41867911263417,11
39.807870693195596,-121.60892223635919,7
36.63861593624211,-121.93948847833984,17
41.35284412969754,-122.76598715841611,62
38.72908286318632,-121.63220717814367,23
36.207353023719236,-122.54461973334419,0
38.74730102513298,-121.63961927594015,23
37.85783992957824,-123.4198451988542,4
41.62422361466304,-123.6620096228958,88
38.823053245324516,-120.68055204557625,55
37.65617050185304,-122.91706482235276,2
37.914558671008784,-120.10485944624128,15
38.82742660589708,-123.20679166171018,11
39.00767497493545,-121.07443040197467,39
37.743091068549106,-123.3274525883423,4
36.31046561567715,-122.80667152469857,13
40.320489664376254,-120.90582110152698,4
36.884753042478415,-121.49640495356064,16
41.277694551354045,-122.63289298454309,58
40.67790978207236,-122.02024708535431,9
38.05383117672844,-122.80122806446627,4
38.8753742084297,-121.85717983199957,19
39.46691226254213,-123.43995658122637,13
39.64068369911219,-123.34181367014864,12
39.45313771020308,-120.98731482460988,3
39.73138126164038,-120.43981273040714,37
41.941462779697616,-121.83261589606695,7
39.742180529145564,-122.58659442568683,9
40.71178223227568,-120.43861350820754,74
39.674070387275954,-121.852833169333,17
37.26399476122211,-120.75739356809726,24
41.934040170103486,-122.7921688753882,7
40.65515063752127,-123.88021421803494,6
36.48762497442901,-123.08282477137207,42
39.75224585569312,-123.6318142538709,37
38.252302895329755,-123.50445212138243,8
39.522893729845634,-121.73373212095208,32
38.043037500039844,-120.98644082182288,56
36.983030332939194,-121.28576278476237,18
37.70352243680128,-120.94594462894982,57
38.06725255876606,-122.72852765508047,6
40.51844365899585,-121.78671832116396,11
40.81637725882574,-123.71680597768682,34
39.466591243260474,-120.40657003781402,7
38.952694751846735,-123.04320292722292,6
39.87863179974984,-122.11423204357658,17
37.32640725702334,-123.09985547879253,14
37.18223331225535,-120.11181646765601,22
37.47691503374239,-121.69650165403252,34
40.20415853337489,-123.92290704196652,23
37.58091843811641,-123.65352297744572,4
36.44029160152424,-122.46881418734279,13
37.625806721126686,-123.80475377904565,4
37.593421083618225,-121.12098372883112,28
37.95185354799324,-120.28261708994339,32
39.34822524033035,-122.20589492455875,9
37.68469891094362,-123.78743998060571,4
37.7957781230793,-120.74107769969532,24
37.57394676201556,-122.33205409109632,16
41.10117564586251,-120.31274184221994,23
39.28213594091139,-122.12400286854123,9
36.24495316943139,-122.15211753611045,0
38.93702063439951,-121.57206192628874,39
39.243224902239085,-123.2876589702951,42
41.54883041797335,-122.17215477648831,68
40.11354501991474,-121.26985380699259,89
40.71367866123876,-121.12555908262658,33
36.518038731165994,-120.58037621791044,6
37.97541351534059,-122.85928188048258,4
40.203962957381044,-123.51228325965381,11
40.293093142289564,-120.88469639197619,4
41.56500444205376,-120.20915744844837,65
41.81498208309826,-121.00824430559398,41
40.734036229737036,-123.18813079494517,7
39.76407887998262,-121.35517582770736,12
40.71964288853658,-121.16265082145335,33
39.61452256996878,-122.58455792577394,9
40.03982215044789,-120.14938985349343,37
39.87047643339667,-120.11616238851407,58
41.013711158583384,-121.39579249968969,33
38.19965942366298,-120.08035400178426,52
39.38548808626429,-121.53725843082785,24
41.72385259446469,-122.35763241824488,68
38.75152649715778,-121.29624025128615,66
36.28856939182578,-120.6671571798609,6
40.25475969071415,-121.4066451927523,89
39.41000604406378,-123.91902084262775,20
41.78389603156242,-122.26436389538429,14
36.2927839782092,-120.77417171650542,6
36.126097910472886,-121.3158120636392,34
39.551888742175564,-121.60586008118318,8
40.73494551279701,-123.57038433985797,34
41.682512637123175,-120.82669341059386,65
38.10593691588507,-121.07122211717306,26
37.6274707669256,-122.40420158713798,16
38.45707846692404,-121.98956285805919,30
37.57999664434089,-121.41220085600874,28
36.04722591135755,-120.91670829260121,11
39.48991078971218,-123.05341004932028,8
37.88693421594828,-120.43637158035371,18
39.82568587336081,-120.22504608441345,58
38.17730635936136,-121.74091183991828,32
37.78108308089032,-121.59279230138861,17
39.71170583682789,-122.32692628553613,21
37.57137302251192,-123.48015765434533,2
37.46039438434447,-120.0077278739564,53
39.2304327043582,-120.69793380507282,17
40.188044981710235,-121.67618080364132,7
38.04512417930302,-122.8873838454593,4
36.98737920619032,-122.86221684518053,11
41.2554093369178,-121.74081768934234,72
37.67263976403916,-122.21673531902479,45
40.05721676628815,-123.32169281130443,9
41.44863905288725,-122.76825732592448,62
40.038890208169036,-122.38536471172003,7
40.75525411237069,-121.93061493858734,13
39.135548450997135,-122.13468183450706,17
36.22225869684519,-120.0533138656494,42
41.05879458405163,-120.54379314897983,65
40.66454582854362,-123.77066954722697,6
41.29239523484792,-122.892394867103,58
38.718876728383854,-120.18088180734729,15
39.6019228307743,-123.38639261408795,12
38.80682644695699,-120.88799677855047,55
36.39535828986657,-122.314348896456,13
40.62785101137551,-121.39423530707283,33
41.414165026124984,-122.62874856378384,24
39.23892880426928,-123.9667869919599,17
41.96503050818594,-123.97361399877626,25
41.19877909262765,-120.83896499727433,65
41.60400571024218,-123.71267842315456,11
39.05525338566893,-120.56099508656226,12
37.318526839839315,-122.16012163781004,12
39.43220114396695,-120.21824029092019,17
39.58596395188319,-121.24905993029572,4
36.069469493418396,-122.80458674780127,0
39.40158073119265,-122.03869285594575,9
40.06043685488815,-123.50645165458398,9
41.92654248627676,-121.87904788605064,7
36.41916558167044,-120.9348014651978,24
41.51118177244304,-121.64777402006804,14
39.140077923045936,-120.32906633598573,25
38.61462954774607,-120.4168050542469,18
36.59776297558609,-120.87124216089862,6
39.19151256716316,-122.43098719423303,13
41.59081077097386,-122.82594784134074,62
36.955897092333565,-122.69693278339548,11
38.52250663570929,-122.38605100796065,13
38.453549427941134,-123.32200660986479,2
41.00161153685181,-121.08521906831875,33
37.26384826572084,-121.98590617402441,11
39.50061657521978,-123.49033343794251,12
36.519415030413036,-120.1234618265838,6
39.060578111540345,-120.8347937142531,12
39.18872723600989,-120.78190893734465,8
40.665839695525534,-123.41594080806689,99
39.16962710354666,-122.35757298758215,3
41.57496143430553,-121.92392126077843,14
39.418624879973805,-121.36849983433686,6
38.344142911098174,-123.01675670083212,8
36.044009777874805,-120.55599583149028,34
37.38839525165745,-120.50239361862423,23
40.208940441305494,-123.31760283851014,9
38.68017715126486,-123.46755373183913,9
39.693062527618245,-120.0253434466365,8
40.23118163760596,-120.33742512470364,16
41.97717204329843,-123.65964384074793,99
37.11947235278697,-120.80614770016138,38
37.908832781861754,-121.036884634384,55
37.539958861153636,-122.63412233825147,14
38.28238322225721,-121.28934284177139,27
41.31431748286091,-123.89063900298213,46
37.88556141976789,-123.99650399385901,8
37.180634027621934,-121.61891761433343,15
39.37916733661804,-123.89205661652055,20
41.30124031789007,-121.95860712176224,72
38.41519267777045,-121.41597079848728,26
39.60581733892417,-120.07599769282646,14
41.113233510842576,-121.77985446076636,13
38.44536464462221,-122.1278414344016,30
40.83848919640582,-123.4004628266563,34
41.60593918929786,-123.14916864623204,0
36.19078182912729,-120.78912483143566,6
38.446088799111216,-123.89011176531095,24
38.103302434510795,-123.52335368565839,8
40.131709683970094,-122.02305296480812,7
37.62909998354933,-120.94084619491976,26
41.76282331523447,-121.03814012000814,41
38.10771518033193,-121.90750302533147,14
39.61118467180539,-121.87419810147937,17
36.51994740379565,-120.26139444911958,6
40.39142415751165,-122.83617550174702,24
37.93791381233195,-120.62222190235869,23
40.05357633179969,-120.40200750308455,37
41.793381160123154,-121.73994414574199,7
38.00032858859824,-123.50689625146802,8
37.28044993108631,-122.93531093478053,14
37.40386866921265,-122.69124736083103,14
38.62670086939515,-121.3808513850948,71
39.99839238908275,-120.00690130158043,9
36.07419751012662,-122.68710137529,0
39.10964232720932,-121.68948908685984,11
40.91039398335813,-122.2709590830852,24
38.20230198136711,-123.5221953949511,8
36.52247681144921,-122.56457016407262,13
41.38467008304526,-122.9017578933779,62
36.96754096827137,-121.28854066536792,18
41.773116194665995,-120.51355093693475,65
38.77130485949426,-121.32298488214032,66
38.110043017055155,-120.67217916595865,52
40.20114208378021,-121.12409331048968,4
41.2950229005714,-122.27152766135784,31
37.32166826613793,-123.00834638019406,14
36.057816365819704,-120.36724575160974,34
40.447460230026145,-120.11070542904883,16
37.1548040571742,-121.52789369300629,15
38.03499638016822,-122.55351750840336,12
40.0678519373027,-120.01193916981633,9
37.49398431122971,-122.2348299024577,17
41.66066014924627,-123.8745656659267,11
36.98279560763467,-120.53355122439442,23
38.26731248493985,-122.5018976919586,10
41.13940262080743,-122.50311125626703,58
36.68329188074505,-120.6229619917439,22
37.12690104520981,-123.45374364554014,14
38.70228556830347,-120.86760648522932,38
40.270757853940616,-123.41187451094132,99
38.85516144462811,-122.50576354231089,23
38.70802927026644,-121.37382181155543,107
41.72874911150721,-121.3588945749827,41
40.93012889217943,-120.96783203361765,33
37.35777978449126,-121.35703886690376,16
37.74761961332224,-123.77399868093075,4
38.78515687075182,-122.98835887929214,11
39.450810255135245,-122.38762634724343,10
39.334959357094945,-121.30593416010235,0
36.86892552343383,-121.06030571817965,18
36.3902005631918,-120.74709015198451,6
41.82926917227272,-121.23955697978934,41
39.55876421617694,-121.37442128704782,7
38.061845291334706,-120.4185350165464,56
40.1395220468063,-120.06874358476576,16
41.205592400669374,-120.16848353989347,23
37.87365779882278,-122.05538961232534,22
39.12985599238539,-121.52240723105223,12
38.97527538401012,-123.77050843539325,3
38.88051668088655,-121.15843556208156,25
37.310778266404505,-122.78497760779825,14
40.40053732405826,-120.34382978494018,16
39.52821356521208,-123.137705019263,56
37.34748536446506,-122.1017111411665,26
41.231265594620965,-122.66703597022625,58
37.18404868646182,-122.63426285433687,11
38.13812351420132,-123.26223479033392,8
38.31403736640792,-120.98216302082989,31
38.16075893027251,-120.75578311692924,21
38.5034841039291,-120.58543547467914,14
38.964744754651925,-123.78487848494647,3
37.4132579121936,-120.40772151861601,53
39.75541578348142,-121.77732143961828,54
36.19745877592214,-122.02778177485895,0
40.06383611202055,-122.27912297785622,7
37.56375185524258,-121.10480166963494,28
37.7951415626834,-122.99666021297287,2
39.18056870560134,-122.46903400899859,13
39.594213467990194,-123.35024945042233,12
41.74612186426261,-120.96486915656102,65
36.15580921617355,-121.69727909817598,0
36.204230986996805,-120.21941662250389,42
41.43118093430904,-123.48792518301359,12
36.89757862793499,-121.08590939382397,18
38.72894176373445,-123.32204962316528,18
41.34812573685491,-122.87230275133841,62
37.00421031206947,-121.8874557244517,21
36.061546635227245,-120.05876426743207,80
40.36422390792406,-121.52440933710328,89
41.767128603033434,-121.57750650529383,41
39.701036687338295,-122.15133323964452,21
37.144739502007994,-120.44457866408601,53
39.18582786697541,-122.87108838148288,13
37.44132062700218,-122.63444459613007,14
37.0881634371228,-122.28813399761744,42
38.29741863872538,-122.46434021250944,26
38.492494846887354,-121.58522606810558,26
39.83896595787019,-120.43168118190673,37
36.24726385335522,-121.53170783176893,0
39.95405212147761,-122.13692014624489,17
39.97644054614888,-121.89490400555442,14
37.03811147682458,-122.94607638853523,11
41.2839203641879,-121.1918584273167,65
41.00627570898769,-122.76170263195733,0
38.05133310355594,-121.19017140225273,29
41.44673031716001,-120.7179455823185,65
37.25850543270733,-123.3868214582345,14
41.11035722257557,-120.79480850218326,65
40.695749665315645,-123.1761761738582,7
41.9194525297144,-123.39709198796949,88
37.08089234365707,-120.730383049247,38
37.083409321889754,-120.6731506258323,38
41.29857636958125,-120.06750608474196,23
39.62373867074818,-122.58187416808748,9
36.07861100104806,-122.44265786672091,0
38.195507658298894,-122.97102389392224,17
40.7680470937057,-121.31915930055139,33
38.96088709456587,-121.62381980909363,39
36.86971806272628,-121.54813002969652,16
38.206517624728505,-120.36554033645234,39
36.30538814184337,-120.2183012316161,42
40.390178841563056,-123.18414768903394,99
40.46961345044504,-120.41562942962173,6
40.725301640749414,-120.2168523072158,6
37.21975447777864,-121.61593151551286,15
40.09482210237303,-123.67554581854307,11
40.65177990793099,-120.6756312516565,74
41.244146037581515,-120.06674587258226,23
40.365123140165174,-120.2688381740619,16
41.069292474928005,-120.63291041316212,65
40.453176308459916,-120.78747734591967,74
36.798139517866176,-120.31577978169584,28
38.594313854575745,-122.5169707091496,13
40.70703421371009,-122.3009667539619,7
36.852111279739354,-120.66812764002246,23
38.952370438101724,-121.54559334741164,31
37.3473692346407,-121.18762815152469,52
36.8030292753592,-122.40915822720056,42
39.38560364404738,-123.7749688628817,20
37.930326291552035,-120.89769717065622,55
40.61662031163517,-123.71433160261752,6
36.31158885100665,-120.08322425209195,42
41.64203104720739,-122.84367623471289,62
38.69662678553529,-122.55125875273531,27
41.37439755423058,-121.65192973711521,72
36.4192325126648,-120.30715640825441,6
40.117333141554816,-122.18691512017853,7
38.67768667665175,-123.80932093635252,24
36.2186453182299,-121.56689199663461,0
41.82634538632588,-120.94200626940707,41
36.99546019923251,-120.83900769636983,38
41.44548684015048,-121.41079626009923,41
41.120799004681324,-120.7510011015217,65
39.99169126741903,-120.04117165863175,8
40.33829138180531,-122.16525140698991,17
39.08871615318655,-120.54602467742673,12
37.44200606197466,-122.27105273519791,15
39.59649908298914,-122.26294819140254,7
38.394901331632035,-120.48813961464718,48
40.69218213322796,-123.65692779566986,6
39.982036348811846,-120.68965286631686,7
38.73857082214998,-122.8041826695662,10
38.445597527218375,-123.80188825320862,9
41.37998399514336,-123.80179311981685,11
38.43996745017232,-121.57862731156219,19
39.50070454518834,-121.00224459169483,3
38.21806913816626,-120.63726516019297,52
38.66734233981003,-121.61550702692215,23
38.08232988474719,-120.54469275806133,33
39.103774098631064,-123.80124272877194,8
39.741797518911234,-120.36512741934511,37
39.35856102223371,-122.05269701992944,9
39.57755601880342,-123.38078979405351,12
39.69248688082223,-122.29781885171704,21
39.06288294784362,-120.38542388135835,25
37.23909654687579,-123.11908704361583,14
38.501071018117635,-123.1169467750799,9
38.65737795421471,-122.4934707207212,31
37.533669049866425,-122.03716145402574,47
39.51453145750228,-120.23993199486942,7
41.89785351832954,-122.9634171034333,0
36.00872664363356,-121.55119191529731,0
39.40630161167162,-120.76381917779524,17
38.73564099530505,-123.88839032716159,3
36.58847882340869,-122.36628936757528,16
36.77165020901153,-122.99387918218287,42
39.82809003689341,-120.22888786585752,58
38.42682320090218,-121.70624174333999,13
36.16581083960873,-120.0703298519558,42
37.138303846075154,-123.33061729390799,14
40.980665651016174,-123.8321679870586,7
41.009093701277415,-122.56689722262676,0
38.10735918431962,-121.94575105630415,52
39.912754160125516,-123.25592226100036,0
40.59618720799235,-120.77367693120284,74
38.338904478477524,-123.47286770976635,2
37.07113356110766,-122.060513694543,37
36.534217304559526,-122.4932734966034,16
39.57386790792032,-121.8179776218585,17
38.43389301898093,-122.56265690383088,13
40.277148989527326,-122.0937212396632,25
37.2140670578179,-121.49801314040593,15
36.59273120673779,-121.28752168222546,24
39.55828306060692,-121.38093673366342,7
40.437259850608505,-121.58130634111205,33
37.279831230503255,-121.56180841506209,15
37.84186057919784,-120.91298557476506,55
36.25115282520636,-120.36440023367793,34
38.86885588882581,-123.3415366762148,18
36.448061416632626,-122.2170731222726,13
38.3792999601871,-121.42223933552522,26
39.09510789530705,-121.8955181955171,42
36.04671703647096,-121.41516948821675,34
37.35382678280791,-121.90748278593554,62
37.70011858102737,-120.26819864525416,21
38.70268460417979,-123.24635045046284,18
39.52447684512209,-121.46983001303875,6
39.383839520656096,-121.38647316348494,22
40.408881884820715,-121.30944297855063,2
37.55937787025561,-122.29684359669781,16
39.049355755062095,-120.10168482102311,11
39.86190065431414,-123.83413833928806,2
38.37794119748829,-123.65309825123829,9
39.336592609868354,-123.87562267515291,20
41.70236520760925,-120.21611200704585,65
41.86582860614763,-120.76954854181146,65
39.325897334945125,-122.41033486020915,10
39.985611680885164,-122.51115302740632,7
41.00960180787244,-123.11250690882979,4
41.846560981699554,-122.78334568325579,77
39.02746752110199,-120.69190389822084,12
40.337614404894936,-123.84950449570827,22
37.90342877963585,-120.7383724139191,24
38.93645926506561,-120.59575687291337,19
36.51552992621188,-120.88142215503832,6
37.51768451214843,-123.57820758919887,4
37.79975661976379,-122.52390911963063,20
41.921570522749036,-123.32946009729204,88
38.189051678153646,-121.72414368054012,32
38.42784452998351,-122.24329532482479,25
40.03138888993005,-122.52672119656806,7
36.58181745775981,-120.71892063928097,6
36.819817153405204,-120.01050578817379,21
38.72023829200587,-123.36172404829166,18
38.24770450586291,-122.55981858895578,35
36.579479895200265,-120.31893915686268,7
36.21815266532081,-122.62886979049482,13
38.879837488314344,-121.71530560276346,39
39.06360902944938,-120.91210571133377,28
39.315911970703596,-121.39566389214254,22
40.029925167337765,-123.48692579582995,9
39.06729977932055,-122.07851339232298,13
41.461856427635105,-122.8941312434626,62
41.94057723127734,-122.00935704950341,7
37.047405839509274,-121.47532871677225,18
38.42346580648524,-123.58787924765241,9
38.20775243373747,-120.04864818553921,52
41.67251011832674,-122.72949873359475,77
36.61958863315519,-121.47126117210777,27
40.54524137006825,-120.95362409573957,74
39.823655407482846,-121.4037513578169,12
40.68730504579618,-122.96335726084902,88
39.10206814162949,-123.19710345326882,14
40.91033464745371,-123.87423410578795,80
41.949011413044566,-121.6428664506697,41
40.402713883842765,-123.69704571459964,23
38.15976664118559,-122.88728094127724,3
40.489420696683126,-121.56279931332361,33
38.77593326113977,-122.76060491632886,56
36.88342767157114,-120.40195281567797,33
41.07240979054184,-123.55439658899277,7
38.20676564504274,-122.53799881338884,35
40.48132727692914,-120.95011880770102,74
41.416991521643695,-121.67097914140886,72
38.797515966385205,-122.94154559256161,11
40.8605139114523,-123.1365373844042,88
37.69694536947535,-120.56695686034793,26
40.304006166982916,-122.92569836840106,24
38.93296390741823,-122.52061179630485,11
39.922151075742754,-123.17399900489468,0
41.601262885088914,-120.30184002996731,65
37.189882541326796,-120.505003190247,53
36.01956819350861,-121.65368598018935,0
39.735853829448125,-120.2528843267841,58
41.490375272749745,-122.37409803801123,24
41.81354437634764,-121.79622773743792,7
37.157630783356566,-122.47015155059863,11
36.26970594347187,-121.30789935646821,6
36.27921167222887,-121.74961228892766,0
36.7073220621775,-123.22000341620438,11
40.83007341992688,-123.59828480799928,34
39.913371136426214,-123.03297012351594,0
37.41963339588802,-120.04972063617892,52
39.374951092778865,-120.65159020334318,17
40.602961062041715,-121.36398881972542,33
36.81630124924207,-122.19411399123142,29
39.995120633459585,-122.23581191659915,17
36.8729003412942,-121.49634843634107,16
41.517110017495526,-122.06046301018758,24
38.39441604867013,-121.6154000921727,19
39.730675578324636,-123.99904538034292,16
37.08817929574987,-121.40901333580585,31
38.64278101797813,-120.05340326709991,15
40.088518147206216,-122.50090969938273,7
38.824105492170425,-121.37681878476177,48
40.583871072054315,-122.50877108192678,14
41.930620308214415,-121.71148969448362,7
38.739985307065155,-121.1665945308742,45
40.812238266208,-123.60625417193646,34
36.935756089849924,-122.29289183712862,42
40.942679932721674,-120.21152649769009,23
40.07367895998048,-121.87526500416337,14
39.026251292451995,-120.13283956765714,11
38.03594566988162,-122.7102721479863,9
41.12880435375364,-123.47007857112855,4
39.967790086378194,-120.82715525210314,7
36.583506190510256,-120.18480869040425,6
37.49132604334419,-122.04633471813688,47
38.982259284039074,-121.80578508998526,39
39.73934706675598,-123.14796122224902,0
39.89374907636486,-121.95530282229018,7
41.438813388540595,-122.37274578138667,24
